id	title	url	date	s_num	w_num	c_num	MedCollect	annotated
fn001	Klaus Schwab már 2016-ban egy mikrochip formájában beültethető, 10 éven belül kötelező globális egészségügyi igazolványt szorgalmazott	https://www.alternativhirek.com/2021/05/klaus-schwab-mar-2016-ban-egy-mikrochip.html	2021.05.10	15	298	1869	fn	True
fn003	A sokkoló igazság a vakcinabiznisz mögött? Ha ennek csak a fele igaz, mindenkit átvertek	http://kimondottigazsagok.com/a-sokkolo-igazsag-a-vakcinabiznisz-mogott-ha-ennek-csak-a-fele-igaz-mindenkit-atvertek/	2021.04.06	22	337	1918	fn	True
fn005	Melinda Gates világhatalmi terve és a nagy RESET? Avagy miért jött sokaknak “kapóra” a globális krízis…	http://kimondottigazsagok.com/melinda-gates-vilaghatalmi-terve-es-a-nagy-reset-avagy-miert-jott-sokaknak-kapora-a-globalis-krizis/		15	324	1858	fn	True
fn006	1 perce érkezett! Nem nyugodhatunk meg?! ÚJABB még a koronavírusnál is veszélyesebb világjárvány a láthatáron:	http://hirozon.info/2021/02/09/1-perce-erkezett-nem-nyugodhatunk-meg-ujabb-meg-a-koronavirusnal-is-veszelyesebb-vilagjarvany-a-lathataron/?fbclid=IwA...	2021.02.09	28	499	3177	fn	True
fn010	"Orbán Viktor SOKKOLÓ bejelentése: ""Ha valaki nem fogadja el az oltóponton felkínált vakcinát, akkor az készüljön fel arra, hogy.."""	http://hirozon.info/2021/02/08/orban-viktor-sokkolo-bejelentese-ha-valaki-nem-fogadja-el-az-oltoponton-felkinalt-vakcinat-akkor-az-keszuljon-fel-arra-hogy/?f...	2021.02.08	37	705	4727	ctrl	True
fn012	Nem is gondolnád, de EZ történik a testeddel, ha használni kezded a sólámpát a lakásodban használni! Hatása orvosilag bizonyított! Mutatjuk mi mindenre jó: - Adjátok tovább áldásos hatásait!	https://bekezdes.co/nem-is-gondolnad-de-ez-tortenik-a-testeddel-ha-hasznalni-kezded-a-solampat-a-lakasodban-hasznalni-hatasa-orvosilag-bizonyitott-mutatjuk-mi-mindenre-jo-adjatok-tovabb-aldasos-hatasait-115995	2019.06.27	35	428	2651	fn	True
fn016	Ne dobd el a gyerek tejfogát! Megmentheti akár az életét is!	https://tudnodkell.info/ne-dobd-el-a-gyerek-tejfogat-megmentheti-akar-az-eletet-is/	2021.04.26	17	321	1927	fn	True
fn017	Egy kutatás szerint, akinek ez a vércsoportja nem a Földről származik!	https://avilagtitkai.com/articles/view/egy-kutatas-szerint-akinek-ez-a-vercsoportja-nem-a-foldrol-szarmazik	2021.04.22	22	347	2070	fn	True
fn018	Jobban védve vagyunk, ha egyszerre két maszkot viselünk egy tanulmány szerint	https://www.szeretlekmagyarorszag.hu/tudomany/jobban-vedve-vagyunk-ha-egyszerre-ket-maszkot-viselunk-egy-tanulmany-szerint/	2021.02.11	8	226	1390	ctrl	True
fn019	Mindenki ledöbbent arccal figyelte a lány kezét, majd jött egy olyan csavar, hogy te is csak pislogni fogsz!	https://otpercpiheno.com/38137-mindenki-ledobbent-arccal-figyelte-a-lany-o1pgtjjxhw/		6	102	502	fn	True
fn021	A következő világjárvány már ott van a nappalinkban - tudósok figyelmeztetnek, nagy a baj	http://titkokszigete.hu/a-kovetkezo-vilagjarvany-mar-ott-van-a-nappalinkban-tudosok-figyelmeztetnek-nagy-a-baj/	2021.04.02	13	283	1752	fn	True
fn022	PÁR PERCE JÖTT A HÍR: Új mutáns terjed Európában, sokkal gyorsabban terjed és azonnal életveszélyes!	https://www.tudasfaja.com/par-perce-jott-a-hir-uj-mutans-terjed-europaban-sokkal-gyorsabban-terjed-es-azonnal-eletveszelyes/	2021.03.31	9	170	1042	fn	True
fn027	Találd meg újra az egészséget, amiben nagymamáink éltek: a magyar hagyományos étrend GYÓGYÍTÓ erejű!	https://vilagfigyelo.com/talald-meg-ujra-az-egeszseget-amiben-nagymamaink-eltek-a-magyar-hagyomanyos-etrend-gyogyito-ereju/#docst	2021.02.24	22	262	1414	fn	True
fn032	A vírus üzenete az emberiségek: ezt osztja mindenki, nagyon igaz és TŰPONTOS!	http://kimondottigazsagok.com/a-virus-uzenete-az-emberisegek-ezt-osztja-mindenki-nagyon-igaz-es-tupontos/		23	317	1745	fn	True
fn036	A WHO súlyos bejelentése, amiről hallgat a sajtó	https://fokusz.online/a-who-sulyos-bejelentese-amirol-hallgat-a-sajto-123959	2021.02.03	50	935	5994	fn	True
fn043	Jön a negyedik hullám Magyarországon? Egyre biztosabb a baj	http://kimondottigazsagok.com/jon-a-negyedik-hullam-magyarorszagon-egyre-biztosabb-a-baj/	2021.05.29	14	236	1475	ctrl	True
fn046	Teljesen új, halálos vírus terjed a briteknél: a covidnál is sokkal borzalmasabb	http://kimondottigazsagok.com/teljesen-uj-halalos-virus-terjed-a-briteknel-a-covidnal-is-sokkal-borzalmasabb/	2021.06.10	16	286	1819	fn	True
fn047	Fény derült az igazságra! Ezért van olyan sok szív és érrendszeri megbetegedés!	https://www.nemzetihir.com/2021/01/feny-derult-az-igazsagra-ezert-van.html		23	468	2761	fn	True
fn048	Rendkívüli felfedezés: nem akármilyen vírust fedeztek fel: vége lehet a betegségek korának?	https://avilagtitkai.com/articles/view/rendkivuli-felfedezes-nem-akarmilyen-virust-fedeztek-fel-vege-lehet-a-betegsegek-koranak	2018.07.09	18	386	2466	fn	True
fn049	A tanárnője kinevette. Most az ő felfedezésének köszönhetően bárki visszanyerheti tökéletes látását, 21 nap alatt. És mindezt olyan egyszerű módon, hogy már most ezrek dobták el ennek köszönhetően a korrekciós szemüvegüket.	http://probloggroup.com/aurvglasses/r4/?lnk=13742&off=JZaPUKom		89	1371	8256	fn	True
fn050	Szeretnél oltási igazolást? EBBEN AZ ESETBEN NAGYON SÚLYOS PÉNZBE FOG KERÜLNI!!! >>> és csak így lesz ÉRVÉNYES :	hirozon.info/2021/02/18/szeretnel-oltasi-igazolast-ebben-az-esetben-nagyon-sulyos-penzbe-fog-kerulni-es-csak-igy-lesz-ervenyes/	2021.02.18	23	476	3079	ctrl	True
fn051	VÉGRE KIDERÜLT! ŐK hozták be a COVIDOT Magyarországra! >>	hirozon.info/2021/02/15/vegre-kiderult-ok-hoztak-be-a-covidot-magyarorszagra/	2021.02.15	47	846	5699	fn	True
fn062	Bejelentették a rák korának végét: itt a végső megoldás! – ATV interjú	http://kimondottigazsagok.com/bejelentettek-a-rak-koranak-veget-itt-a-vegso-megoldas-atv-interju/	2021.06.22	13	206	1203	fn	True
fn063	Megdöbbentő elmélet a covid és a rák kapcsolatáról: mindennek oka a FÉLELEM?!	http://kimondottigazsagok.com/megdobbento-elmelet-a-covid-es-a-rak-kapcsolatarol-mindennek-oka-a-felelem/	2021.07.01	14	267	1569	fn	True
fn065	A kínai Sinopharm veszélyes? Tragikus adatok a kínaival oltottakról, most érkezett!	http://kimondottigazsagok.com/a-kinai-sinopharm-veszelyes-tragikus-adatok-a-kinaival-oltottakrol-most-erkezett/	2021.05.26	14	317	1977	ctrl	True
fn068	RENDKÍVÜLI DOLOGRA JÖTTEK RÁ: EZÉRT HA MEG ANNYI CUKORBETEG KORONAVÍRUSBAN	http://titkokszigete.hu/rendkivuli-dologra-jottek-ra-ezert-ha-meg-annyi-cukorbeteg-koronavirusban/?fbclid=IwAR0XxGETDHyp_Yfc7KRGKyMYhofYuAib4uhbrQPZwQjqeEgb5_70D2pXEAo	2021.03.01	12	211	1445	fn	True
fn073	Tényleg ez van a tisztának gondolt ivóvízben?	https://mediaforras.com/tenyleg-ez-van-a-tisztanak-gondolt-ivovizben-150	2020.07.02	21	419	2756	ctrl	True
fn076	Rendkívüli közlemény! Pár órája jelentették be : Tiltólistára került az egyik magyar gyógyszer, amit százezrek szednek! ITT AZ MTI ÉS AZ Európai Gyógyszerügynökség tájékoztatása >>>	https://m.minden-egyben.com/hirek/rendkivuli-kozlemeny-par-oraja-jelentettek	2021.04.14	19	381	2542	fn	True
fn079	Bill és Melinda Gates alapítványa áll a vírus elterjesztése mögött? Itt van a kutya elásva...	https://avilagtitkai.com/articles/view/bill-es-melinda-gates-alapitvanya-all-a-virus-elterjesztese-mogott-itt-van-a-kutya-elasva	2020.01.29	20	274	1683	fn	True
fn082	Botrány: kitudódott a rákipar féltve őrzött titka: ha ennek csak a fele igaz...	https://avilagtitkai.com/articles/view/botrany-kitudodott-a-rakipar-feltve-orzott-titka-ha-ennek-csak-a-fele-igaz	2021.06.24	18	308	1891	fn	True
fn094	Kína egy hét alatt egy hatalmas COVID fogolytábort épített, videó van róla!	https://avilagtitkai.com/articles/view/kina-egy-het-alatt-egy-hatalmas-covid-fogolytabort-epitett-video-van-rola	2021.01.22	8	135	868	fn	True
fn1002	RNS-vírusok szabadulhatnak rá az emberiségre az óceánokból: sokkoló felfedezést tettek	http://kimondottigazsagok.com/rns-virusok-szabadulhatnak-ra-az-emberisegre-az-oceanokbol-sokkolo-felfedezest-tettek/		14	219	1393	fn	False
fn1003	WHO: arbovírus tarolhatja le a világot, új világjárvány van készülőben	http://kimondottigazsagok.com/who-arbovirus-tarolhatja-le-a-vilagot-uj-vilagjarvany-van-keszuloben/		11	203	1291	fn	False
fn1005	A koronavírus az Antarktiszról érkezett? Sokkoló magyar kutatás bizonyíthat egy teljesen új teóriát!	http://kimondottigazsagok.com/a-koronavirus-az-antarktiszrol-erkezett-sokkolo-magyar-kutatas-bizonyithat-egy-teljesen-uj-teoriat/		19	262	1591	fn	False
fn1008	CDC elismeri, hogy a teszt nem képes különbséget tenni az influenza és a COVID vírus között	https://www.pokolafoldon.hu/pandemia/cdc-elismeri-hogy-a-teszt-nem-kepes-kulonbseget-tenni-az-influenza-es-a-covid-virus-kozott	2021.12.30	21	422	2541	fn	False
fn1009	Hogyan kell méregteleníteni a tüskefehérjét a COVID vagy a vakcina után?	https://www.pokolafoldon.hu/eletstilus/hogyan-kell-meregteleniteni-a-tuskefeherjet-a-covid-vagy-a-vakcina-utan	2022.04.06	126	1612	10672	fn	False
fn1011	A ginnel áztatott mazsola nagyszerű fájdalomcsillapító.	https://www.pokolafoldon.hu/eletstilus/a-ginnel-aztatott-mazsola-nagyszeru-fajdalomcsillapito	2021.08.09	51	831	4718	fn	False
fn1012	A Spike fehérje és a grafén-oxid méregtelenítési protokoll összefoglalása	https://www.pokolafoldon.hu/eletstilus/a-spike-feherje-es-a-grafen-oxid-meregtelenitesi-protokoll-osszefoglalasa	2021.10.08	67	1118	6916	fn	False
fn1013	MAGYAR VILÁGSZENZÁCIÓ: ÁTKAPCSOLHATÓ DNS-SEL ÉRHETŐ EL AZ ÖRÖK FIATALSÁG	http://titkokszigete.hu/magyar-vilagszenzacio-atkapcsolhato-dns-sel-erheto-el-az-orok-fiatalsag/	2022.04.12	21	364	2269	fn	False
fn1014	Agenda 21: Most még csak szúnyogokon, hamarosan embereken tesztelik a populáció “szabályozást”?	http://kimondottigazsagok.com/agenda-21-most-meg-csak-szunyogokon-hamarosan-embereken-tesztelik-a-populacio-szabalyozast/	2022.04.23	20	324	1956	fn	False
fn1015	Kirobbanhat a gyerekeket tizedelő végzetes járvány: Európában és az USA-ban már terjed!	http://kimondottigazsagok.com/kirobbanhat-a-gyerekeket-tizedelo-vegzetes-jarvany-europaban-es-az-usa-ban-mar-terjed/	2022.04.25	25	482	2945	fn	False
fn1016	Ősszel nem lesz menekvés, jöhet majd a 4. oltás? Merkely szerint senki sem menekül	http://kimondottigazsagok.com/osszel-nem-lesz-menekves-johet-majd-a-4-oltas-merkely-szerint-senki-sem-menekul/	2022.04.22	12	237	1414	fn	False
fn1017	Elon Musk bejelentette a halhatatlanságot: a halottak továbbvihetők lesznek ebben a robotban	http://kimondottigazsagok.com/elon-musk-bejelentette-a-halhatatlansagot-a-halottak-tovabbvihetok-lesznek-ebben-a-robotban/	2022.04.11	13	230	1383	fn	False
fn1018	"Tele van antibiotikumokkal és hormonokkal a bolti ""nagyipari"" csirkehús. ezzel a 3 módszerrel eltávolíthatod belőle őket!"	https://vilagfigyelo.com/tele-van-antibiotikumokkal-es-hormonokkal-a-bolti-nagyipari-csirkehus-ezzel-a-3-modszerrel-eltavolithatod-belole-oket/#docst	2022.04.22	12	205	1242	fn	False
fn1019	WHO: katasztrofális következménye lehet a vakcinák keverésének	http://kimondottigazsagok.com/who-katasztrofalis-kovetkezmenye-lehet-a-vakcinak-keveresenek/		13	215	1380	fn	False
fn102	Soha nem lesz vége a járványnak, amíg nem oltunk gyerekeket – állítják a tudósok	http://kimondottigazsagok.com/soha-nem-lesz-vege-a-jarvanynak-amig-nem-oltunk-gyerekeket-allitjak-a-tudosok/	2021.03.13	13	239	1370	fn	True
fn1020	A negyedik lehet az utolsó nagy hullám, 10-15 ezer halottal – vészjósló előrejelzés	http://kimondottigazsagok.com/a-negyedik-lehet-az-utolso-nagy-hullam-10-15-ezer-halottal-veszjoslo-elorejelzes/		18	355	2120	fn	False
fn1021	Vagy a gyerekeket is beoltjuk, vagy év végéig senki sem megy sehová – ultimátum a magyaroknak	http://kimondottigazsagok.com/vagy-a-gyerekeket-is-beoltjuk-vagy-ev-vegeig-senki-sem-megy-sehova-ultimatum-a-magyaroknak/	2021.07.12	10	232	1340	fn	False
fn1022	4. hullám: épp most teszi tönkre a nyarat a vírus Európában, már Magyarország ajtaján kopogtat	http://kimondottigazsagok.com/4-hullam-epp-most-teszi-tonkre-a-nyarat-a-virus-europaban-mar-magyarorszag-ajtajan-kopogtat/		20	462	2956	fn	False
fn1023	Nagyon rossz hír jött a Pfizer és Moderna vakcinákról	http://kimondottigazsagok.com/nagyon-rossz-hir-jott-a-pfizer-es-moderna-vakcinakrol/	2021.07.10	12	225	1534	fn	False
fn1025	Cukorbetegek figyelem!	https://d-life.hu/blogs/news/cukorbetegek-figyelem	2021.11.07	52	601	3810	fn	False
fn1026	Tünetek, amelyek jelzik, hogy gond van az epénkkel!	https://www.tudasfaja.com/tunetek-amelyek-jelzik-hogy-gond-van-az-epenkkel/	2022.04.25	21	253	1473	ctrl	False
fn1027	Nyomd a mutatóujjad 1 percig: az egész világot lenyűgözte a hatása!	http://eztnezd.net/nyomd-a-mutatoujjad-1-percig-az-egesz-vilagot-lenyugozte-a-hatasa/		19	233	1428	fn	False
fn1028	Figyelem: látássérülteknek új látásjavító eszköz!	https://www.egeszsegkalauz.hu/betegsegek/szembetegsegek/figyelem-latasserulteknek-uj-latasjavito-eszkoz/6qylr14	2012.05.20	14	336	2164	fn	False
fn1031	3 tuti tipp sarokfájdalom ellen – Millióknak segített már	https://www.tudasfaja.com/3-tuti-tipp-sarokfajdalom-ellen-millioknak-segitett-mar/	2022.04.25	11	160	932	fn	False
fn1032	Halál a májra – avagy a cukor valóban sokkot okozhat?	https://napidoktor.hu/cukorbetegseg/halal-a-majra-avagy-a-cukor-valoban-sokkot-okozhat/	2022.04.21	30	538	3200	fn	False
fn1033	Egy növény, ami a fokhagymánál is hatásosabb – Csökkenti a vérnyomást és csodát művel a vércukorral!	http://eztnezd.net/egy-noveny-ami-a-fokhagymanal-is-hatasosabb-csokkenti-a-vernyomast-es-csodat-muvel-a-vercukorral-3/		26	310	2021	fn	False
fn1036	AZ OROSZ FÜVESASSZONY SZERINT EZ A 3 LEGHATÁSOSABB GYÓGYNÖVÉNY	http://titkokszigete.hu/az-orosz-fuvesasszony-szerint-ez-a-3-leghatasosabb-gyogynoveny/?fbclid=IwAR3E_izuMi3Iy_J5wP_0BpxJoPZe4DgGgiW5AX2kQkyr8jlIRpZha-BlNn0		33	413	2738	fn	False
fn1037	GYEREKEKET TÁMADÓ VÉGZETES MÁJGYULLADÁS VILÁGJÁRVÁNY ROBBANT KI: A WHO KIADTA A VÖRÖS KÓDOT	http://titkokszigete.hu/gyerekeket-tamado-vegzetes-majgyulladas-vilagjarvany-robbant-ki-a-who-kiadta-a-voros-kodot/?fbclid=IwAR1qx_HPHRVwOlmmT9HI8K3vybCdRsa9abxSvNPabZzfLR6UpBapdXR3DT0		16	264	1695	fn	False
fn1038	GMO SZÚNYOGOK MILLIÁRDJAIT ENGEDTÉK SZABADON: VILÁGÍTANAK A LÁRVÁIK, VÉGZETES KÖVETKEZMÉNYE LEHET	http://titkokszigete.hu/gmo-szunyogok-milliardjait-engedtek-szabadon-vilagitanak-a-larvaik-vegzetes-kovetkezmenye-lehet/?fbclid=IwAR1qx_HPHRVwOlmmT9HI8K3vybCdRsa9abxSvNPabZzfLR6UpBapdXR3DT0		23	331	2124	fn	False
fn1040	​Elfeledett globális járványra figyelmeztetnek: újra végigsöpörhet a Földön!	https://avilagtitkai.com/articles/view/elfeledett-globalis-jarvanyra-figyelmeztetnek-ujra-vegigsoporhet-a-foldon?category=tudomany&fbclid=IwAR0OQE54dEkT31S3iMfJks46hBGLpn0ojfik5_Ze11KDYtlW19Qz1V-gRec	2022.01.06	14	299	1873	fn	False
fn1042	A tej nem élelmiszer? - VIDEÓ	https://avilagtitkai.com/articles/view/a-tej-nem-elelmiszer-video?fbclid=IwAR0TzUbTpTOgyxyajP4cWUOW-wjJdE1T5q7Fn_6JStKU5BXThLZ7HcCHobU	2019.10.06	11	205	1267	fn	False
fn1043	"Dark Winter is coming - ""Sötét Tél"" a kódszó a háttérhatalom egy következő, de még súlyosabb fázisára? - Bioterrorizmus felsőfokon"	https://www.alternativhirek.com/2021/10/dark-winter-is-coming-sotet-tel-kodszo.html?m=1&fbclid=IwAR1SGA3QbI-lbvKlBsn69clSiecaH78xvOMgHFl07QwQ0L0jcHJhZIDuuIE		24	712	4721	fn	False
fn1044	Férgek másztak be egy férfi bőre alá, látni lehetett szabad szemmel!	http://kimondottigazsagok.com/fergek-masztak-be-egy-ferfi-bore-ala-latni-lehetett-szabad-szemmel/		9	225	1567	fn	False
fn1045	A halhatatlanságot keresik a milliárdosok: toborozzák a legjobb tudósokat	http://kimondottigazsagok.com/a-halhatatlansagot-keresik-a-milliardosok-toborozzak-a-legjobb-tudosokat/		39	853	5466	fn	False
fn1046	Új világjárvány jön: embert fertőzött meg a H3N8, soha nem történt még ilyen	http://kimondottigazsagok.com/uj-vilagjarvany-jon-embert-fertozott-meg-a-h3n8-soha-nem-tortent-meg-ilyen/		16	310	1970	fn	False
fn1048	Veszélyesen nagy a sugárzás Csernobilban, riadóztatták a világot	http://kimondottigazsagok.com/veszelyesen-nagy-a-sugarzas-csernobilban-riadoztattak-a-vilagot/		15	253	1512	fn	False
fn1049	„SZINTE HALOTTNAK LÁTSZOTT A SZEME” A 3 ÉVES KISLÁNYNAK, AKI KINDER TOJÁS MIATT LETT SZALMONELLÁS	http://titkokszigete.hu/szinte-halottnak-latszott-a-szeme-a-3-eves-kislanynak-aki-kinder-tojas-miatt-lett-szalmonellas/		18	315	1869	fn	False
fn105	OPERATÍV TÖRZS SZERINT 328 FŐ HALT MEG KIZÁRÓLAG KORONAVÍRUS FERTŐZÉS MIATT	https://orvosokatisztanlatasert.hu/operativ-torzs-szerint-328-fo-halt-meg-kizarolag-koronavirus-fertozes-miatt/	2021.01.27	8	116	733	fn	True
fn1051	TÉVEDÉSNEK TŰNIK AZ EGÉSZ, LEHET, HOGY KIDOBHATJUK A KOLESZTERINCSÖKKENTŐ GYÓGYSZEREKET!	http://titkokszigete.hu/tevedesnek-tunik-az-egesz-lehet-hogy-kidobhatjuk-a-koleszterincsokkento-gyogyszereket/		19	403	2662	fn	False
fn1052	VÉGE AZ ÓVSZER KORÁNAK? FOGAMZÁSGÁTLÓT KELL SZEDNIÜK A FÉRFIAKNAK?	http://titkokszigete.hu/vege-az-ovszer-koranak-fogamzasgatlot-kell-szedniuk-a-ferfiaknak/		17	263	1555	fn	False
fn1053	ELÉRHETŐ AZ ÖRÖK FIATALSÁG: KUTATÓK 30 ÉVET FIATALÍTOTTAK NŐI BŐRSEJTEKEN	http://titkokszigete.hu/elerheto-az-orok-fiatalsag-kutatok-30-evet-fiatalitottak-noi-borsejteken/		23	398	2615	fn	False
fn1055	Hogyan GYŐZD LE a mikrovérrögöket és blokkold a tüskefehérjét a vér MINŐSÉGÉNEK megóvásával	https://www.pokolafoldon.hu/eletstilus/hogyan-gyozd-le-a-mikroverrogoket-es-blokkold-a-tuskefeherjet-a-ver-minosegenek-megovasaval	2022.02.06	40	690	4436	fn	False
fn1056	Próbálja ki ezt a természetes Hydroxy formulát	https://www.pokolafoldon.hu/eletstilus/probalja-ki-ezt-a-termeszetes-hydroxy-formulat	2021.12.14	63	1342	7427	fn	False
fn1057	Gyermekláncfű gyökér - Rákgyógyítás a leírásban	https://www.pokolafoldon.hu/eletstilus/gyermeklancfu-gyoker-rakgyogyitas-a-leirasban	2021.12.12	39	458	2667	fn	False
fn1063	MÜLLER CECÍLIA ÚJ JÁRVÁNYVÉDELMI INTÉZKEDÉSEKET JELENTETT BE, BELENGETTE A HATODIK HULLÁMOT!	http://titkokszigete.hu/muller-cecilia-uj-jarvanyvedelmi-intezkedeseket-jelentett-be-belengette-a-hatodik-hullamot/	2022.04.07	17	341	2297	fn	False
fn1065	WHO: EZ LEHET A KÖVETKEZŐ VILÁGJÁRVÁNY, MEGVAN HONNAN INDULHAT EL	http://titkokszigete.hu/who-ez-lehet-a-kovetkezo-vilagjarvany-megvan-honnan-indulhat-el/	2022.04.07	13	243	1558	fn	False
fn1067	TETANUSSZAL TÖLTÖTT BAKTÉRIUM LEHET A RÁK ELLENSZERE? SZENZÁCIÓS BEJELENTÉST TETTEK	http://titkokszigete.hu/tetanusszal-toltott-bakterium-lehet-a-rak-ellenszere-szenzacios-bejelentest-tettek/	2022.03.24	17	349	2394	fn	False
fn1068	RÁKKELTŐ ANYAGOK A GYORSÉTTERMI CSOMAGOLÁSOKBAN: AZONNAL BE KÉNE TILTANI ŐKET	http://titkokszigete.hu/rakkelto-anyagok-a-gyorsettermi-csomagolasokban-azonnal-be-kene-tiltani-oket/	2022.03.28	18	398	2589	fn	False
fn1069	MIKROMŰANYAGGAL VAN TELE MINDANNYIUNK VÉRE: AZ EGÉSZ VILÁGOT MEGMÉRGEZTÉK!	http://titkokszigete.hu/mikromuanyaggal-van-tele-mindannyiunk-vere-az-egesz-vilagot-megmergeztek/	2022.03.28	26	442	2917	fn	False
fn107	Koronavírus holokauszt A führer koronája, avagy a harmadik birodalom a testedben van.	https://eletertesszabadsagert.hu/2020/12/21/koronavirus-holokauszt/	2020.12.21	91	2127	13901	fn	True
fn1070	“SÖTÉT EMPATÁK” JÁRNAK KÖZTÜNK: TUDÓSOK EGY VESZÉLYES SZEMÉLYISÉGTÍPUSRÓL SZÁMOLTAK BE	http://titkokszigete.hu/sotet-empatak-jarnak-koztunk-tudosok-egy-veszelyes-szemelyisegtipusrol-szamoltak-be/	2022.03.28	26	569	3375	ctrl	False
fn1074	Nem kell többé gyógyszert szedned derék- és hátfájásra! Ez a módszer megszünteti a fájdalmat!	https://www.tudasfaja.com/nem-kell-tobbe-gyogyszert-szedned-derek-es-hatfajasra-ez-a-modszer-megszunteti-a-fajdalmat/	2017.02.05	14	164	940	fn	False
fn1075	Ez a legjobb módja annak, hogy megszabadulj az ízületek között lévő húgysavtól!	https://www.tudasfaja.com/ez-a-legjobb-modja-annak-hogy-megszabadulj-az-izuletek-kozott/	2017.03.13	21	300	1970	fn	False
fn1076	Így méregtelenítsd megfelelően a szerveidet a méreganyagoktól!	https://www.tudasfaja.com/igy-meregtelenitsd-megfeleloen-a-szerveidet/	2017.03.14	44	722	4509	fn	False
fn1077	Ezzel a keverékkel 4 hónap alatt megszabadulhatsz a szürke hályogtól és eldobhatod a szemüveget!	https://www.tudasfaja.com/ezzel-a-keverekkel-4-honap-alatt-megszabadulhatsz-a-szurke-halyogtol-es-eldobhatod-a-szemuveget/	2017.03.14	16	195	1186	fn	False
fn1078	Egy speciális gyertyát égetett a fülében. 5 perc múlva valóságos csoda történt vele! Azóta egyre többen használják ezt a módszert!	https://www.tudasfaja.com/egy-specialis-gyertyat-egetett-a-fuleben-5-perc-mulva-valosagos-csoda-tortent-vele-azota-egyre-tobben-hasznaljak-ezt-a-modszert/	2017.03.17	18	276	1679	fn	False
fn1079	Azt mondták nem tüntethető el a csíkos bőr… Tévedés! Ez a házi kence valóban hat!	https://www.tudasfaja.com/azt-mondtak-nem-tuntetheto-el-a-csikos-bor-tevedes-ez-a-hazi-kence-valoban-hat/	2017.03.19	24	236	1304	fn	False
fn1080	Ne költsünk pénzt a vérnyomás csökkentőkre! Ez a keverék a koleszterinszintet is rendbe hozza!	https://www.tudasfaja.com/ne-koltsunk-penzt-a-vernyomas-csokkentokre-ez-a-keverek-a-koleszterinszintet-is-rendbe/	2017.03.22	23	260	1570	fn	False
fn1081	Keverd össze a citromlevet ezzel az olajjal és dörzsöld a térdedbe! Meglátod, többé nem kell fájdalomcsillapító!	https://www.tudasfaja.com/keverd-ossze-a-citromlevet-ezzel-az-olajjal-es-dorzsold-a-terdedbe-meglatod-tobbe-nem-kell-fajdalomcsillapito/	2017.03.25	19	223	1265	fn	False
fn1082	Egy recept, ami újjáépíti a fájós térdet,a csontokat és az ízületeket!	https://www.tudasfaja.com/egy-recept-ami-ujjaepiti-a-fajos-terdeta-csontokat-es-az-izuleteket/	2017.03.28	19	261	1542	fn	False
fn1083	Egy nyugdíjas gyógyszergyár vezetője azt mondta: a világnak tudnia kell, hogy a lúgos víz hogyan képes harcolni a rákkal!	https://www.tudasfaja.com/egy-nyugdijas-gyogyszergyar-vezetoje-azt-mondta-a-vilagnak-tudnia-kell-hogy-a-lugos-viz-hogyan-kepes-harcolni-a-rakkal/	2017.04.05	21	302	1849	fn	False
fn1084	Hatalmas tragédia! “Az én Drága nagymamámat eltették láb alól!” – Felfoghatatlan, hogy ILYEN ma Magyarországon megtörténhet! – Osszátok, hátha valaki végre felfigyel rá, milyen hatalmas gondok vannak az egészségügyben!	https://kulfoldiapro.com/archivum/12478	2021.10.10	33	615	3299	fn	False
fn1086	Nem a cigaretta vagy az alkohol árt a legtöbbet az egészségednek! Hanem EZ:	http://eztnezd.net/nem-a-cigaretta-vagy-az-alkohol-art-a-legtobbet-az-egeszsegednek-hanem-ez/		24	321	1894	fn	False
fn1087	Eláruljuk a drága bolti aloe vera gél receptjét! Készítsd el magad, csodát tesz az egészségeddel!	http://eztnezd.net/elaruljuk-a-draga-bolti-aloe-vera-gel-receptjet-keszitsd-el-magad-csodat-tesz-az-egeszsegeddel/		15	291	1776	fn	False
fn1088	Új koronavírust fedeztek fel laoszi denevérekben, amelyek „kockázatot jelenthetnek az emberi egészségre”	http://eztnezd.net/uj-koronavirust-fedeztek-fel-laoszi-deneverekben-amelyek-kockazatot-jelenthetnek-az-emberi-egeszsegre/		11	344	2334	fn	False
fn1089	Ezzel ártunk a legtöbbet az egészségünknek,5 perc alatt blokkolhatjuk az immunrendszerünket.	http://eztnezd.net/ezzel-artunk-a-legtobbet-az-egeszsegunknek5-perc-alatt-blokkolhatjuk-az-immunrendszerunket/		21	324	1859	fn	False
fn1090	Hatalmas botrány! ÁRPA ATTILA le merte írni az igazságot az egészségügyről!	http://eztnezd.net/hatalmas-botrany-arpa-attila-le-merte-irni-az-igazsagot-az-egeszsegugyrol/		25	278	1525	fn	False
fn1091	Három nap elég, és kitakarítja a tüdődet	https://bekezdes.co/harom-nap-eleg-es-kitakaritja-a-tudodet-126230	2022.04.22	15	158	855	fn	False
fn1092	Ezek a tünetek, ha egy nőnél szívroham lép fel	https://bekezdes.co/ezek-a-tunetek-ha-egy-nonel-szivroham-lep-fel-126223	2022.04.22	25	335	1935	fn	False
fn1093	Az orosz füvesasszony szerint ez a 3 legerősebb, leghatásosabb gyógynövény	https://bekezdes.co/az-orosz-fuvesasszony-szerint-ez-a-3-legerosebb-leghatasosabb-gyogynoveny-126214	2022.04.21	18	308	1952	fn	False
fn1094	Évi 1,5 millió doboznyi írnak fel belőle a háziorvosok. Kiderült, hogy teljesen hatástalan!	https://bekezdes.co/evi-1-5-millio-doboznyi-irnak-fel-belole-a-haziorvosok-kiderult-hogy-teljesen-hatastalan-126216	2022.04.21	13	264	1645	fn	False
fn1095	Kevesen tudják, hogy ezek növelik a stroke kialakulásának esélyét	https://bekezdes.co/kevesen-tudjak-hogy-ezek-novelik-a-stroke-kialakulasanak-eselyet-126150	2022.04.13	25	410	2377	fn	False
fn1096	A legjobb természetes altató, mely nem okoz fejfájást sem!	https://bekezdes.co/a-legjobb-termeszetes-altato-mely-nem-okoz-fejfajast-sem-126219	2022.04.22	11	150	851	fn	False
fn1097	Dr. Papp Lajos: milliók fognak meghalni a hazugság miatt	https://bekezdes.co/dr-papp-lajos-milliok-fognak-meghalni-a-hazugsag-miatt-126205	2022.04.20	22	433	2575	fn	False
fn110	Hibrid mutáns koronavírus jött létre két variáns összeolvadásából	https://www.szeretlekmagyarorszag.hu/tudomany/hibrid-mutans-koronavirus-jott-letre-ket-varians-osszeolvadasabol/	2021.02.17	20	445	2755	ctrl	False
fn1100	Kannabisz olaj: rákos csecsemő gyógyult fel a kezelést követően!	http://eztnezdmeg.net/kannabisz-olaj-rakos-csecsemo-gyogyult-fel-a-kezelest-kovetoen/	2018.11.07	26	515	3113	fn	False
fn1101	Véget érhet a rák kora: nincs többé áttét, egy új eljárás megakadályozza	http://eztnezdmeg.net/veget-erhet-a-rak-kora-nincs-tobbe-attet-egy-uj-eljaras-megakadalyozza/	2019.01.24	9	147	963	fn	False
fn1103	Lenkei szerint a magas vérnyomás egy hazugság, így kábítják az embereket!	http://eztnezdmeg.net/lenkei-szerint-a-magas-vernyomas-egy-hazugsag-igy-kabitjak-az-embereket/	2018.12.05	37	465	2890	fn	False
fn1104	Édesanyám 1 hónap alatt gyógyult ki a tüdőrákból. Naponta 4 kiskanállal éhgyomorra..	http://eztnezdmeg.net/edesanyam-1-honap-alatt-gyogyult-ki-a-tudorakbol-naponta-4-kiskanallal-ehgyomorra/	2018.11.25	61	812	4945	fn	False
fn1105	A rák 7 elfeledett gyógymódja, amit a gyógyszeripar a mai napig elrejt az emberek elől!	http://eztnezdmeg.net/a-rak-7-elfeledett-gyogymodja-amit-a-gyogyszeripar-a-mai-napig-elrejt-az-emberek-elol/	2018.11.23	49	822	5152	fn	False
fn1106	Az orvosprofesszor megmondta: stressz, az irigység, és a félelem a betegségek oka	http://eztnezdmeg.net/az-orvosprofesszor-megmondta-stressz-az-irigyseg-es-a-felelem-a-betegsegek-oka/	2018.11.18	12	247	1520	fn	False
fn1107	HAMAROSAN VÉRVIZSGÁLATTAL IS KIMUTATHATJÁK AZ AUTIZMUST	https://netextra.hu/hamarosan-vervizsgalattal-is-kimutathatjak-az-autizmust/		17	305	1957	fn	False
fn1108	BOTRÁNY! ÍGY VERTÉK ÁT A RÁKOS BETEGEKET	https://netextra.hu/botrany-igy-vertek-at-a-rakos-betegeket/		22	521	3263	fn	False
fn1109	Nincs megállás??? Halálos agyevő kórokozó szökött ki egy francia laboratóriumból	https://netextra.hu/nincs-megallas-halalos-agyevo-korokozo-szokott-ki-egy-francia-laboratoriumbol/	2021.07.30	12	314	2052	fn	False
fn111	PARAZITÁK ÁLTAL KIVÁLTOTT PAPILLÓMÁK ASZERVEZETBEN!			110	1417	8699	fn	True
fn1110	A WHO ÚJ JÁRVÁNYRA FIGYELMEZTET: MINDEN MÁSODIK EMBER VESZÉLYBEN!	http://titkokszigete.hu/a-who-uj-jarvanyra-figyelmeztet-minden-masodik-ember-veszelyben/	2022.05.04	17	375	2354	fn	False
fn1111	TERJED A KULLANCS, AMINEK A CSÍPÉSE ÉLETRE SZÓLÓ HÚSALLERGIÁT OKOZ! HA ILYET LÁTSZ, BAJ VAN!	http://titkokszigete.hu/terjed-a-kullancs-aminek-a-csipese-eletre-szolo-husallergiat-okoz-ha-ilyet-latsz-baj-van/	2022.05.03	21	495	2979	ctrl	False
fn1112	MÁTÓL MENTÁLIS ZAVAR A GYÁSZ: BOTRÁNYOS VÁLTOZTATÁS TÖRTÉNT!	http://titkokszigete.hu/matol-mentalis-zavar-a-gyasz-botranyos-valtoztatas-tortent/	2022.05.01	14	298	1846	fn	False
fn1114	FOKHAGYMÁS TEJES KEVERÉK: BIZONYÍTOTTAN JÓTÉKONY HATÁSAI VANNAK A SZERVEZETRE?	http://titkokszigete.hu/fokhagymas-tejes-keverek-bizonyitottan-jotekony-hatasai-vannak-a-szervezetre/	2021.05.04	34	360	2140	fn	False
fn1115	MAGYAR PARASZTORVOS TANÁCSAI AZ 50-ES ÉVEKBŐL: VERSBE SZEDETT KINCSKÉNT ŐRZIK TANÁCSAIT, MESSZE ELKERÜLHETŐK VELE A BETEGSÉGEK!	http://titkokszigete.hu/magyar-parasztorvos-tanacsai-az-50-es-evekbol-versbe-szedett-kincskent-orzik-tanacsait-messze-elkerulhetok-vele-a-betegsegek/	2019.05.04	147	1156	5894	fn	False
fn1116	ÉLELMISZERIPARI “HALÁLKONZERV”: NYOMOKBAN TUMOROKAT ÉS EGYÉB MEGBETEGEDÉSEKET TARTALMAZHAT!	http://titkokszigete.hu/elelmiszeripari-halalkonzerv-nyomokban-tumorokat-es-egyeb-megbetegedeseket-tartalmazhat/	2019.05.04	24	470	2910	fn	False
fn1117	HAMIS ÉLELMISZEREK, MŰKAJÁK ÁLTAL “MEGETETETT” TÁRSADALOM: A RÁK MELEGÁGYA?	http://titkokszigete.hu/hamis-elelmiszerek-mukajak-altal-megetetett-tarsadalom-a-rak-melegagya/	2019.05.04	26	407	2397	fn	False
fn1118	CSERNOBIL ÉS A RÁK: EZ LEHET A LEGNAGYOBB ELTUSOLT TITOK – A VILÁG AZ ATOMKATASZTRÓFA MIATT RÁKOSODIK EL?	http://titkokszigete.hu/csernobil-es-a-rak-ez-lehet-a-legnagyobb-eltusolt-titok-a-vilag-az-atomkatasztrofa-miatt-rakosodik-el/	2019.05.04	28	528	3294	fn	False
fn1119	KLÓROZOTT CSIRKE, HORMONKEZELT MARHAHÚS: AZ ÉLELMISZERIPAR FUTÓSZALAGJA MÖGÖTTI BORZALMAS IGAZSÁGOK	http://titkokszigete.hu/klorozott-csirke-hormonkezelt-marhahus-az-elelmiszeripar-futoszalagja-mogotti-borzalmas-igazsagok/	2019.05.04	28	440	2733	fn	False
fn1120	A kávéfogyasztás e két rettegett betegség ellen is védelmet nyújthat	https://bekezdes.co/a-kavefogyasztas-e-ket-rettegett-betegseg-ellen-is-vedelmet-nyujthat-126333	2022.05.03	16	412	2504	ctrl	False
fn1121	Gyakran szoktál szédülni? Akkor nagy esélyed van, hogy a 7 betegség közül valamelyikkel van dolgod.	https://bekezdes.co/gyakran-szoktal-szedulni-akkor-nagy-eselyed-van-hogy-a-7-betegseg-kozul-valamelyikkel-van-dolgod-126328	2022.05.03	27	334	1994	fn	False
fn1122	Dr. Lenkei megmondta: A kemoterápia méreg! - Meg fogsz lepődni, de ezt ajánlja helyette!	https://bekezdes.co/dr-lenkei-megmondta-a-kemoterapia-mereg-meg-fogsz-lepodni-de-ezt-ajanlja-helyette-101651	2018.11.02	86	1287	7139	fn	False
fn1123	Erre a nyolc jelre mindenképp figyelj oda!! Ezek egyértelműen jelzik ha a szíved nem működik megfelelően!	https://bekezdes.co/erre-a-nyolc-jelre-mindenkepp-figyelj-oda-ezek-egyertelmuen-jelzik-ha-a-szived-nem-mukodik-megfeleloen-101353	2018.10.26	32	396	2364	fn	False
fn1124	Ezért ne aludj el vizes hajjal - 4 nyomos ok a vizes hajjal való alvás ellen!	https://bekezdes.co/ezert-ne-aludj-el-vizes-hajjal-4-nyomos-ok-a-vizes-hajjal-valo-alvas-ellen-100974	2018.10.17	27	410	2558	ctrl	False
fn1125	Hivatalos: Elismerték hogy rákkeltő anyagot tartalmaz a csirkehús!	https://bekezdes.co/hivatalos-elismertek-hogy-rakkelto-anyagot-tartalmaz-a-csirkehus-87120	2018.07.29	15	248	1432	fn	False
fn1126	A fáradtság és a betegségek jelzik, hogy telítődött a nyirokrendszer! Hogyan szabadulhatsz meg tőle könnyedén!	https://bekezdes.co/a-faradtsag-es-a-betegsegek-jelzik-hogy-telitodott-a-nyirokrendszer-hogyan-szabadulhatsz-meg-tole-konnyeden-86562	2018.07.18	44	488	3023	fn	False
fn1127	Neked is 0-ás a vércsoportod? Akkor jobb ha kerüld el ezt! Megmentheti az életed!	https://bekezdes.co/neked-is-0-as-a-vercsoportod-akkor-jobb-ha-keruld-el-ezt-megmentheti-az-eleted-86441	2018.07.17	23	367	2265	fn	False
fn1128	Jobb ha erről te is tudsz: Ha ilyen fájdalmat érzel, sokkoló betegség állhat a háttérben	https://bekezdes.co/jobb-ha-errol-te-is-tudsz-ha-ilyen-fajdalmat-erzel-sokkolo-betegseg-allhat-a-hatterben-86338	2018.07.13	34	440	2726	fn	False
fn1129	Sokáig azt hitte a férfi hogy sörhasa van, majd mikor az orvos megvizsgálta döbbenetes dolgot talált benne!	https://bekezdes.co/sokaig-azt-hitte-a-ferfi-hogy-sorhasa-van-majd-mikor-az-orvos-megvizsgalta-dobbenetes-dolgot-talalt-benne-82880	2018.04.02	17	287	1596	ctrl	False
fn1130	Egy levél, ami megszabadíthat a visszerektől, a memória zavartól, sőt a fejfájástól is	https://elmenyorszag.com/egy-level-ami-megszabadithat-a-visszerektol-a-memoria-zavartol-sot-a-fejfajastol-is-126035	2022.04.02	25	251	1555	fn	False
fn1131	Erősebb, mint a legerősebb fájdalomcsillapítók, sokan azonban mégsem ismerik	https://elmenyorszag.com/erosebb-mint-a-legerosebb-fajdalomcsillapitok-sokan-azonban-megsem-ismerik-125982	2022.03.31	29	383	2266	fn	False
fn1132	Egy hétköznapi növény, amiről alig tudják, hogy az egyik legerősebb természetes inzulin	https://elmenyorszag.com/egy-hetkoznapi-noveny-amirol-alig-tudjak-hogy-az-egyik-legerosebb-termeszetes-inzulin-119294	2020.01.19	21	377	2366	fn	False
fn1133	Mindenki irtja a kertjében, pedig ízületi gyulladás és szénanátha ellen is remek ez a növény	https://www.tudasfaja.com/ha-megtudod-mennyire-hasznos-mindenre-csalant-fogsz-majd/	2022.05.04	43	702	4391	fn	False
fn1134	Dohányosoknak és volt dohányosoknak kötelező! Ezzel az itallal rövid idő alatt meg lehet tisztítani a tüdőt!	https://www.tudasfaja.com/dohanyosoknak-es-volt-dohanyosoknak-kotelezo-ezzel-az-itallal-rovid-ido-alatt-meg-lehet-tisztitani-a-tudot/	2022.05.03	26	297	1798	fn	False
fn1135	Tedd fel a lábad a falra: 5 csoda történik veled! Végezd el minden nap és élvezd jótékony hatásait!	https://www.tudasfaja.com/tedd-fel-a-labad-a-falra-5-csoda-tortenik-veled-vegezd-el-minden/	2022.05.03	67	1142	6698	fn	False
fn1136	Ez történik, ha homlokodra babérlevelet teszel! Elképesztő!	https://www.tudasfaja.com/ez-tortenik-ha-homlokodra-baberlevelet-teszel-elkepeszto/	2022.04.29	44	320	2192	fn	False
fn1138	Áttörés: 90 rákos egérből 90-et sikerült meggyógyítani	https://nlc.hu/csalad/20180201/uj-eljaras-rak-gyogyitas-90-egerbol-90-meggyogyult/	2018.02.01	5	88	563	fn	False
fn1139	Rusvai Miklós: A jövő héten tetőzhet az ötödik hullám Magyarországon	http://hatter-story.info/rusvai-miklos-a-jovo-heten-tetozhet-az-otodik-hullam-magyarorszagon/	2022.01.23	7	134	829	ctrl	False
fn1140	Lassú pulzus: miért veszélyes?	https://www.hazipatika.com/napi_egeszseg/sziv_es_errendszeri_betegsegek_megelozese/cikkek/lassu-pulzus-miert-veszelyes?utm_source=nlc_hu&utm_medium=pad&utm_campaign=20220307	2022.05.05	35	654	4390	ctrl	False
fn1141	​Gyerekek tömegei betegednek meg: a WHO vizsgálta a vakcinákkal való összefüggést	https://avilagtitkai.com/articles/view/gyerekek-tomegei-betegednek-meg-a-who-vizsgalta-a-vakcinakkal-valo-osszefuggest-2?fbclid=IwAR2QACeGfPGrhUDc5aNyuMfnpjB_r1VgYv7CMLDdIKUJHc9j9ohGz6Hsb2U	2022.05.03	12	222	1427	fn	False
fn1145	MÜLLER CECÍLIA KÉSZENLÉTBEN: MAGYARORSZÁGON IS BÁRMIKOR MEGJELENHET A GYEREKEKET TÁMADÓ MÁJGYULLADÁS VÍRUS	http://titkokszigete.hu/muller-cecilia-keszenletben-magyarorszagon-is-barmikor-megjelenhet-a-gyerekeket-tamado-majgyulladas-virus/?fbclid=IwAR0AVl0W33tAaG3vGEMFYOKpu7mLzOVQjPsUSoyZlg8A0gpFiq57rUyjAzs		24	431	2654	fn	False
fn1151	"A vérrögök elleni ""vakcinák"" BOOM-ot okoznak a vérrög-eltávolító iparban"	https://www.pokolafoldon.hu/pandemia/a-verrogok-elleni-vakcinak-boom-ot-okoznak-a-verrog-eltavolito-iparban	2022.05.03	31	743	4627	fn	False
fn1152	Orvosi őrület: Bill Gates új vakcinát fejleszt, amiről azt állítja, hogy megakadályozza a gyermekbénulás elleni vakcinák által okozott gyermekbénulást	https://www.pokolafoldon.hu/pandemia/orvosi-orulet-bill-gates-uj-vakcinat-fejleszt-amirol-azt-allitja-hogy-megakadalyozza-a-gyermekbenulas-elleni-vakcinak-altal-okozott-gyermekbenulast	2022.05.01	31	685	4259	fn	False
fn1153	A tanulmány szerint a legtöbb embernek már mikroműanyagok vannak a tüdejében - eldobható maszkokban -	https://www.pokolafoldon.hu/pandemia/a-tanulmany-szerint-a-legtobb-embernek-mar-mikromuanyagok-vannak-a-tudejeben-eldobhato-maszkokban	2022.04.21	29	604	4019	fn	False
fn1154	Biotechnológiai vállalat az emberek elméjének neuromodulációval történő irányítására törekszik	https://www.pokolafoldon.hu/pandemia/biotechnologiai-vallalat-az-emberek-elmejenek-neuromodulacioval-torteno-iranyitasara-torekszik	2022.04.21	25	597	3950	fn	False
fn1155	A Covid-19 elleni oltások az előrejelzések szerint a holokauszt áldozatainak tízszeresét fogják megölni csak 2022-ben	https://www.pokolafoldon.hu/pandemia/a-covid-19-elleni-oltasok-az-elorejelzesek-szerint-a-holokauszt-aldozatainak-tizszereset-fogjak-megolni-csak-2022-ben	2022.02.06	41	753	5033	fn	False
fn1156	A vakcina Bluetooth-csatlakozással rendelkezik?	https://www.pokolafoldon.hu/blog/a-vakcina-bluetooth-csatlakozassal-rendelkezik	2022.09.17	87	1324	7682	fn	False
fn1157	A beoltottaknak és az emlékeztetőt kapottaknak 3 évük van hátra...	https://www.pokolafoldon.hu/pandemia/a-beoltottaknak-es-az-emlekeztetot-kapottaknak-3-evuk-van-hatra	2022.02.04	170	3054	19008	fn	False
fn1158	Megsemmisítési hadművelet - a terv az emberi immunrendszer megtizedelésére egy laboratóriumban előállított kórokozóval	https://www.pokolafoldon.hu/pandemia/megsemmisitesi-hadmuvelet-a-terv-az-emberi-immunrendszer-megtizedelesere-egy-laboratoriumban-eloallitott-korokozoval	2022.12.10	163	3004	17940	fn	False
fn1159	Minden értelmet nyer, ha rájössz, hogy meg akarnak ölni minket	https://www.pokolafoldon.hu/pandemia/minden-ertelmet-nyer-ha-rajossz-hogy-meg-akarnak-olni-minket	2021.10.21	240	4222	25718	fn	False
fn1160	"Az összeesküvés-elméleteknek igazuk volt; ez egy ""mérgező-halálos oltás"""	https://www.pokolafoldon.hu/pandemia/az-osszeeskuves-elmeleteknek-igazuk-volt-ez-egy-mergezo-halalos-oltas	2021.09.20	170	2807	16683	fn	False
fn1161	Ezért válhatnak könnyebben rákossá az elhízottak	https://vilagfigyelo.com/ezert-valhatnak-konnyebben-rakossa-az-elhizottak/#docst		10	214	1367	ctrl	False
fn1163	Dr. Zacher Gábor: legalább egy generáció kell az ország mentális kilábalásához	http://kimondottigazsagok.com/dr-zacher-gabor-legalabb-egy-generacio-kell-az-orszag-mentalis-kilabalasahoz/		14	279	1780	ctrl	False
fn1164	Rejtélyes hepatitiszbetegség fertőz a WHO szerint, újra zárni kell?	http://kimondottigazsagok.com/rejtelyes-hepatitiszbetegseg-fertoz-a-who-szerint-ujra-zarni-kell/		25	339	2040	fn	False
fn1165	Kemenesi Gábor megszólalt a fertőző vakcinákról: ez mindent megváltoztathat…	http://kimondottigazsagok.com/kemenesi-gabor-megszolalt-a-fertozo-vakcinakrol-ez-mindent-megvaltoztathat/		11	180	1206	fn	False
fn1166	115 embernél alakult ki ritka agydaganat: mind ugyanabba az iskolába jártak	http://kimondottigazsagok.com/115-embernel-alakult-ki-ritka-agydaganat-mind-ugyanabba-az-iskolaba-jartak/		22	325	1900	fn	False
fn1173	FÖLDÖNKÍVÜLIEK ROBBANTJÁK KI A KÖVETKEZŐ VILÁGJÁRVÁNY: A TUDÓSOK SOKKOLÓ FIGYELMEZTETÉSE	http://titkokszigete.hu/foldonkivuliek-robbantjak-ki-a-kovetkezo-vilagjarvany-a-tudosok-sokkolo-figyelmeztetese/		11	210	1416	fn	False
fn1179	Képzeljük el, mekkora üzlet ez! Már 3 milliárd beadott kísérleti vakcina, de 11 milliárd vagy több dózisra van szükség!	https://www.alternativhirek.com/2021/07/kepzeljuk-el-mekkora-uzlet-ez-mar-3.html		21	542	3148	fn	False
fn1180	Az oroszoknak sikerült eltávolítaniuk a nanochipet a pfizer oltóanyagból	https://www.pokolafoldon.hu/pandemia/az-oroszoknak-sikerult-eltavolitaniuk-a-nanochipet-a-pfizer-oltoanyagbol	2021.05.23	48	600	3521	fn	False
fn1181	"A Covid ""vakcinák"" millióknál okoznak mikrovérrögöket... és nincs orvosi megoldás"	https://www.pokolafoldon.hu/pandemia/a-covid-vakcinak-millioknal-okoznak-mikroverrogoket-es-nincs-orvosi-megoldas	2022.02.22	32	620	3839	fn	False
fn1182	Bill Gates álma, hogy az Egészségügyi Világszervezeten keresztül irányítsa a bolygót, egyre közelebb kerül a valósághoz	https://www.pokolafoldon.hu/pandemia/bill-gates-alma-hogy-az-egeszsegugyi-vilagszervezeten-keresztul-iranyitsa-a-bolygot-egyre-kozelebb-kerul-a-valosaghoz	2022.05.05	40	986	6205	fn	False
fn1183	Hány embert ölnek meg az oltások?	https://www.pokolafoldon.hu/pandemia/hany-embert-olnek-meg-az-oltasok	2021.01.21	41	426	2844	fn	False
fn1184	"7 milliárd ember mint ""kísérleti nyúl"""	https://www.pokolafoldon.hu/pandemia/7-milliard-ember-mint-kiserleti-nyul	2021.05.26	61	942	5479	fn	False
fn1185	HATALMAS!!! A Covid-kezelés eltussolása kiderült	https://www.pokolafoldon.hu/pandemia/hatalmas-a-covid-kezeles-eltussolasa-kiderult	2021.06.22	14	201	1218	fn	False
fn1186	Megölték a nagyit - most a gyerekek vannak soron	https://www.pokolafoldon.hu/pandemia/megoltek-a-nagyit-most-a-gyerekek-vannak-soron	2021.08.10	110	1646	9797	fn	False
fn1187	Tömeges halálhullám jön az oltási kötelezettségek közepette, miközben az igazság és a forradalom tölti meg a levegőt	https://www.pokolafoldon.hu/pandemia/tomeges-halalhullam-jon-az-oltasi-kotelezettsegek-kozepette-mikozben-az-igazsag-es-a-forradalom-tolti-meg-a-levegot	2021.08.08	70	2130	13410	fn	False
fn1188	"Ismételd utánam: ""A PCR tesztek nem működnek!"	https://www.pokolafoldon.hu/pandemia/ismeteld-utanam-a-pcr-tesztek-nem-mukodnek	2021.08.07	68	961	5194	fn	False
fn1189	Zombivá válás a vaxx által	https://www.pokolafoldon.hu/pandemia/zombiva-valas-a-vaxx-altal	2021.08.07	114	2248	13022	fn	False
fn1190	Top 10 kiegészítők és egyéb természetes módszerek a COVID-19 megelőzésére	https://www.pokolafoldon.hu/pandemia/top-10-kiegeszitok-es-egyeb-termeszetes-modszerek-a-covid-19-megelozesere	2021.09.15	62	774	4995	fn	False
fn1191	Amerikai virológus elmagyarázza, miért halálos a Covid 19 vakcina	https://www.pokolafoldon.hu/pandemia/amerikai-virologus-elmagyarazza-miert-halalos-a-covid-19-vakcina	2021.09.15	140	2292	13835	fn	False
fn1194	Japán tesztelte a Moderna fiolákat, és azok mágnesesek. Kiemelt	https://www.pokolafoldon.hu/pandemia/japan-tesztelte-a-moderna-fiolakat-es-azok-magnesesek	2021.08.27	5	91	509	fn	False
fn1196	Az 5G tornyok aktiválása megölheti a COVID-19 vakcinát szedő embereket, figyelmeztetnek az elemzők	https://www.pokolafoldon.hu/pandemia/az-5g-tornyok-aktivalasa-megolheti-a-covid-19-vakcinat-szedo-embereket-figyelmeztetnek-az-elemzok	2022.01.16	37	810	4699	fn	False
fn1198	Hackerek feltörték a Pfizer, Moderna & Janssen szervereit! Az összes oltóanyag halálozási adat most már nyilvános Kiemelt	https://www.pokolafoldon.hu/blog/hackerek-feltortek-a-pfizer-moderna-pfizer-szervereit-az-osszes-oltoanyag-halalozasi-adat-most-mar-nyilvanos	2022.01.12	55	607	3479	fn	False
fn1199	A COVID-19 pandémia „a valaha történt legnagyobb átverés” - „mindennek holnap le kell állnia	https://www.pokolafoldon.hu/pandemia/a-covid-19-pandemia-a-valaha-tortent-legnagyobb-atveres-mindennek-holnap-le-kell-allnia	2021.01.12	30	345	2125	fn	False
fn1200	A WHO (végül) elismeri, hogy a PCR teszt potenciálisan hibás Kiemelt	https://www.pokolafoldon.hu/pandemia/a-who-vegul-elismeri-hogy-a-pcr-teszt-potencialisan-hibas	2021.01.26	22	323	1961	fn	False
fn1201	"A vakcinákba kerülő ""csodaanyag"" a történelem legnagyobb gyilkosa lehet - a grafén-oxid. Kiemelt"	https://www.pokolafoldon.hu/pandemia/a-vakcinakba-kerulo-csodaanyag-a-tortenelem-legnagyobb-gyilkosa-lehet-a-grafen-oxid	2021.10.02	31	526	3502	fn	False
fn1202	Japánban rejtélyes módon eltűnt a Delta variáns, a tudósok szerint kipusztította önmagát	https://ujvilagtudat.blogspot.com/2021/11/japanban-rejtelyes-modon-eltunt-delta.html	2022.05.05	26	577	3660	fn	False
fn1203	"A ""Smart Dust"" már körülöttünk van - Az apró nanobotok egy egyszerű kézfogással átadhatók, irányíthatják az agyunkat, akár egész hadseregeket is elpusztíthatnak"	https://ujvilagtudat.blogspot.com/2022/05/az-smart-dust-mar-korulottunk-van-az.html		54	1044	6809	fn	False
fn1206	3 NAP ALATT TAKARÍTJA KI A TÜDŐD EZ A KEVERÉK: DOHÁNYOSOKNAK FEJLESZTETTE KI EGY ORVOS	http://titkokszigete.hu/3-nap-alatt-takaritja-ki-a-tudod-ez-a-keverek-dohanyosoknak-fejlesztette-ki-egy-orvos/	2019.05.05	16	173	947	fn	False
fn1213	Keverd ezt a pár hozzávalót a tejhez és megszabadulhatsz a szervezetedben lappangó gyulladásoktól!	https://www.tudasfaja.com/keverd-ezt-a-par-hozzavalot-a-tejhez-es-megszabadulhatsz-a-szervezetedben-lappango-gyulladasoktol/	2017.04.08	20	243	1498	fn	False
fn1214	Egy hét alatt megszabadulhatsz a nyak-és hátfájástól, ha ezt a receptet kipróbálod!	https://www.tudasfaja.com/egy-het-alatt-megszabadulhatsz-a-nyak-es-hatfajastol-ha-ezt-a-receptet-kiprobalod/	2017.04.08	19	249	1438	fn	False
fn1215	Ízületi fájdalom kezelése a konyhából	https://www.tudasfaja.com/izuleti-fajdalom-kezelese/	2017.04.09	21	353	2216	fn	False
fn1216	Csupán 2 összetevő szükséges ahhoz, hogy megszabaduljunk a szervezetünkben élősködő parazitáktól és a zsírlerakódástól!	https://www.tudasfaja.com/csupan-2-osszetevo-szukseges-ahhoz-hogy-megszabaduljunk-a-szervezetunkben-eloskodo-parazitaktol-es-a-zsirlerakodastol/	2017.04.14	16	197	1257	fn	False
fn1218	Néhány természetes módszer a pajzsmirigy problémák enyhítésére!	https://www.tudasfaja.com/nehany-termeszetes-modszer-a-pajzsmirigy-problemak-enyhitesere/	2017.04.15	20	211	1391	fn	False
fn1219	Anyukámnak magas koleszterinszintje és vérnyomása volt, amíg nagymamán nem adott neki ebből a “csodaszerből”	https://www.tudasfaja.com/anyukamnak-magas-koleszterinszintje-es-vernyomasa-volt-amig-nagymaman-nem-adott-neki-ebbol-a-csodaszerbol/	2017.04.15	17	175	1033	fn	False
fn1220	Rég elfeledett csodaszer a szódabikarbóna és ricinusolaj keveréke! Többféle betegség gyógyítható vele!	https://www.tudasfaja.com/reg-elfeledett-csodaszer-a-szodabikarbona-es-ricinusolaj-kevereke/	2017.04.18	25	267	1724	fn	False
fn1221	Egy recept, ami elpusztítja az összes parazitát, baktériumot a belekben és a gyomorban!	https://www.tudasfaja.com/egy-recept-ami-elpusztitja-az-osszes-parazitat-bakteriumot-a-belekben-es-a/	2017.04.19	19	181	1090	fn	False
fn1222	Így tisztítsd meg a májad az összes méreganyagtól!	https://www.tudasfaja.com/igy-tisztitsd-meg-a-majad-az-osszes-mereganyagtol/	2017.04.24	33	258	1506	fn	False
fn1223	Szabadulj meg a fogkőtől, és baktériumoktól, előzd meg a fogak romlását ezzel a házi szájvízzel!	https://www.tudasfaja.com/szabadulj-meg-a-fogkotol-es-bakteriumoktol-elozd-meg-a-fogak-romlasat-ezzel-a-hazi-szajvizzel/	2017.04.24	23	241	1513	fn	False
fn1224	Szükség lesz MINDENKIT beoltani, mert gáz lesz: állítják a tudósok?	https://avilagtitkai.com/articles/view/szukseg-lesz-mindenkit-beoltani-mert-gaz-lesz-allitjak-a-tudosok	2022.05.07	14	321	1954	fn	False
fn1225	Sütő Gábor: Tudatunk védelme (5) – A VILÁGEGÉSZSÉGÜGY STRATÉGIAI MELLÉFOGÁSAI	https://internetfigyelo.com/suto-gabor-tudatunk-vedelme-5-a-vilagegeszsegugy-strategiai-mellefogasai/	2021.01.12	407	9784	62136	fn	False
fn1226	Az Algopyrin-Quarelin ügy népegészségügyi kockázatai: Apokalipszis most?	https://internetfigyelo.com/az-algopyrin-quarelin-ugy-nepegeszsegugyi-kockazatai-apokalipszis-most/	2018.02.09	138	2563	16133	fn	False
fn1230	Magyar kutatók szerint tényleg laborból szivároghatott ki a koronavírus	https://hirextra.info/2022/02/magyar-kutatok-szerint-tenyleg-laborbol-szivaroghatott-ki-a-koronavirus/	2022.02.10	15	295	1888	fn	False
fn1231	Ebolához hasonló vírusra bukkantak Angliában	https://hirextra.info/2022/02/ebolahoz-hasonlo-virusra-bukkantak-angliaban/	2022.02.10	12	289	1845	ctrl	False
fn1232	A baktérium, amely gyomorrákot okozhat- Így óvakodj tőle	https://avilagtitkai.com/articles/view/a-bakterium-amely-gyomorrakot-okozhat-igy-ovakodj-tole	2022.05.02	26	298	1974	fn	False
fn1233	Komoly problémákat okozhat a szervezetben keringő tüskefehérje, ezért megfontolandó a méregtelenítése	https://hirextra.info/2022/02/komoly-problemakat-okozhat-a-szervezetben-keringo-tuskefeherje-ezert-megfontolando-a-meregtelenitese/	2022.02.04	10	158	1089	fn	False
fn1234	Mihalovic, D: Orvosok saját bevallásuk szerint rákosnak diagnosztizálnak egészséges embereket, hogy több pénzre tegyenek szert	https://www.tenyek-tevhitek.hu/orvosok_sajat_bevallasuk_szerint_rakosnak_diagnosztizalnak_egeszseges_embereket.htm		77	1636	10131	fn	False
fn1235	Demasi,M és mások: A koleszterin- és kalóriahipotézis halott - a valódi bűnös az inzulinrezisztencia	https://www.tenyek-tevhitek.hu/a_koleszterin_es_a_kaloriahipotezisek_egyarant_halottak.htm		116	2463	16019	fn	False
fn1236	A mesterséges édesítőszerek és a rák	https://www.tenyek-tevhitek.hu/a_mesterseges_edesitoszerek_es_a_rak.htm		121	2735	17704	fn	False
fn1237	Szendi Gábor: A vakbélről. Fontosabb, mint gondolná.	https://www.tenyek-tevhitek.hu/a_nelkulozhetetlen_vakbel.htm		20	295	18207	fn	False
fn1238	Mercola: Méregbe csomagolt ételek	https://www.tenyek-tevhitek.hu/meregbe-csomagolt-etelek.htm		62	1156	9703	fn	False
fn1239	Szendi Gábor: A cukorbetegség gyógyítható? Hát persze!	https://www.tenyek-tevhitek.hu/cukorbetegseg-diabetesz-gyogyithato.htm		84	1594	10243	fn	False
fn1240	Sayer Ji: A mandulák és orrmandulák eltávolítása gyermekkorban 28 különféle betegség kockázatával jár, állapítja meg egy tanulmány	https://tenyek-tevhitek.hu/a_mandulak_es_orrmandulak_eltavolitasa_gyermekkorban_kockazatos.htm		54	1230	8452	fn	False
fn1241	Maria Cross: A növényi olajok és a rák	https://www.tenyek-tevhitek.hu/a_novenyi_olajok_es_a_rak.htm		146	2507	15620	fn	False
fn1242	Egy áttörést jelentő rák gyógymód dokumentumfilm azzal fenyeget, hogy a profitéhes rákipar összeomlását okozza	https://ujvilagtudat.blogspot.com/2016/04/egy-attorest-jelento-rak-gyogymod.html	2016.04.01	75	1548	9469	fn	False
fn1243	Dr. Lenkei Gábor rájött, hogy mi a rák VALÓDI oka! Ha ezt tudnák az emberek, senki se lenne beteg! Szerinte éppen ebben rejlik a rákipar ereje. Amit az onkológusok nem mondanak el…	http://eztnezdmeg.com/dr-lenkei-gabor-rajott-hogy-mi-a-rak-valodi-oka-ha-ezt-tudnak-az-emberek-senki-se-lenne-beteg-szerinte-eppen-ebben-rejlik-a-rakipar-ereje-amit-az-onkologusok-nem-mondanak-el/		24	599	3516	fn	False
fn1244	Nők figyelem! 13 alattomos tünet, ami a húgyhólyag elrákosodására utal. Minden nőnek tudnia kell erről!	https://tudnodkell.info/nok-figyelem-13-alattomos-tunet-ami-a-hugyholyag-elrakosodasara-utal-minden-nonek-tudnia-kell-errol/	2022.05.01	43	303	1877	fn	False
fn1245	Csakis így fogyaszd! A Te konyhádban is biztosan van belőle, sokan imádják, de agyvelőgyulladást okozhat!	https://tudnodkell.info/csakis-igy-fogyaszd-a-te-konyhadban-is-biztosan-van-belole-sokan-imadjak-de-agyvelogyulladast-okozhat/	2022.04.24	13	256	1627	fn	False
fn1246	NE JÁTSSZ AZ ÉLETEDDEL! EZEKET A TÜNETEKET ÉSZLELTED? VALAMI NAGYON ROSSZRA UTALHATNAK!	https://tudnodkell.info/ne-jatssz-az-eleteddel-ezeket-a-tuneteket-eszlelted-valami-nagyon-rosszra-utalhatnak/	2022.04.18	23	324	1940	fn	False
fn1247	Azonnal javulni kezd a látásod, ha ezt a 7 ételt elkezded naponta enni	https://tudnodkell.info/azonnal-javulni-kezd-a-latasod-ha-ezt-a-7-etelt-elkezded-naponta-enni/	2022.04.12	24	304	1853	fn	False
fn1248	Állandó fejfájással és gyakori puffadással küzdesz? Akkor most nagyon figyelj!	https://tudnodkell.info/allando-fejfajassal-es-gyakori-puffadassal-kuzdesz-akkor-most-nagyon-figyelj/	2022.03.29	10	205	1274	fn	False
fn1249	Köhögésre a legjobb! - Így készül a fenyőrügy szirup	https://elmenyorszag.com/kohogesre-a-legjobb-igy-keszul-a-fenyorugy-szirup-126390	2022.05.06	11	86	407	fn	False
fn1251	Hihetetlen, mivé változhat a rettegett új koronavírus: erre készülnek a szakemberek	https://www.penzcentrum.hu/egeszseg/20210924/hihetetlen-mive-valtozhat-a-rettegett-uj-koronavirus-erre-keszulnek-a-szakemberek-1118027#	2021.09.24	12	379	2586	fn	False
fn1252	5 legjobb gyümölcs megfázásra: így védekezhetsz a nátha, influenza, koronavírus ellen	https://www.penzcentrum.hu/egeszseg/20201128/5-legjobb-gyumolcs-megfazasra-igy-vedekezhetsz-a-natha-influenza-koronavirus-ellen-1106758	2020.11.28	51	964	6202	fn	False
fn1256	9 TÉNY, AMIT A NYELVED ÁRULHAT EL AZ EGÉSZSÉGEDRŐL. TISZTÁBAN VAGY VELÜK?	https://www.erdekescikkek.com/2020/07/01/9-teny-amit-a-nyelved-arulhat-el-az-egeszsegedrol-tisztaban-vagy-veluk/?fbclid=IwAR1y8Mfcpq78wV6zFuzh9_fsZBMR3lDecDxLQNyGbtlQXVFJTVyWMfVGyqo	2020.07.01	44	480	2885	fn	False
fn1258	7 GYORS ÉS HATÁSOS MÓDSZER A SZÉKREKEDÉS LEKÜZDÉSÉRE	https://www.erdekescikkek.com/2020/07/03/7-gyors-es-hatasos-modszer-a-szekrekedes-lekuzdesere/?fbclid=IwAR1XQAVtEW6GUXHsT9aElEmtroVHRkM5LtlFC-IIgKyv5Ebza1JGFOhGFy0	2020.07.03	18	193	1096	fn	False
fn1259	7+1 GYÓGYNÖVÉNY, AMI TÉNYLEG KIHÚZHAT MINDEN EMÉSZTŐRENDSZERI BETEGSÉGBŐL	https://www.erdekescikkek.com/2020/08/12/71-gyogynoveny-ami-tenyleg-kihuzhat-minden-emesztorendszeri-betegsegbol/?fbclid=IwAR3pJ1ac94QI6KByBSPM0GwmB-YD791gWdZUqWqKcm1F1-NKQPpBabnk1LM	2020.08.12	52	574	3622	fn	False
fn1260	MI TÖRTÉNIK VALÓJÁBAN, AMIKOR EGY LÉGY RÁSZÁLL AZ ÉTELRE?	https://www.erdekescikkek.com/2020/07/28/mi-tortenik-valojaban-amikor-egy-legy-raszall-az-etelre/?fbclid=IwAR2o57ZMZccgtvoRz9FNo1gjKK4uYCjPL_gDcflKY2-bGYVB_OOnnsvhuYY	2020.07.28	27	318	1821	fn	False
fn1263	HALÁLOS SEBEKET KÉPES BEGYÓGYÍTANI AZ ORVOSI CSODARAGASZTÓ: VILÁGSZERTE MILLIÓK ÉLETÉT MENTHETI MEG!	http://titkokszigete.hu/halalos-sebeket-kepes-begyogyitani-az-orvosi-csodaragaszto-vilagszerte-milliok-eletet-mentheti-meg/?fbclid=IwAR0E3NF785lMJhVZLotkuU5XYZXebXpZX6MxMtDTY3xhLHFwcrjGqLvAifM		20	317	1898	fn	False
fn1267	AZ USA KORMÁNYA ELISMERTE, HOGY A KANNABISZ HATÁSOS AZ AGYDAGANATOK ELLEN – MÉGSEM TESZ SENKI SEMMIT	http://titkokszigete.hu/az-usa-kormanya-elismerte-hogy-a-kannabisz-hatasos-az-agydaganatok-ellen-megsem-tesz-senki-semmit/?fbclid=IwAR1hQSOvG0NFlKeCMxfC7WhA1HWYew57yFkv9LDirG58IxyV-WyD9dDFjvs		32	518	3254	fn	False
fn1269	Kemenesi gyerekeket és terhes nőket érintő új járványra figyelmeztet	http://kimondottigazsagok.com/kemenesi-gyerekeket-es-terhes-noket-erinto-uj-jarvanyra-figyelmeztet/?fbclid=IwAR3FxjaNjaWvxfehiM5UEn7vX3Gt9KWZupufjGTqLcnltIOoGkmAkM7FT_g		14	313	1851	fn	False
fn1270	Sokkoló dolog derült ki az Omikron variánsról: szükség lesz MINDENKIT beoltani, mert gáz lesz	http://kimondottigazsagok.com/sokkolo-dolog-derult-ki-az-omikron-variansrol-szukseg-lesz-mindenkit-beoltani-mert-gaz-lesz/?fbclid=IwAR05t_EIFyRuRfhLwwOAtw1DU0cjW9DNhHFcut4bfx-LezotzBZOkbyeQdU		14	324	1980	fn	False
fn1271	A rákos betegek saját sejtjeit használták 3D nyomtatott daganatokban a kezelések tesztelésére	https://naturahirek.hu/a-rakos-betegek-sajat-sejtjeit-hasznaltak-3d-nyomtatott-daganatokban-a-kezelesek-tesztelesere/?fbclid=IwAR1DW8v8kbDqcfgJE8J0Vrvt6HrmhtWvaYdcmE5Rs8MzCbnXsQu6DfHUiKg	2021.08.30	13	311	1975	fn	False
fn1279	A koffeint és a cigarettát használó agy rosszabb állapotban van, mintha drogozna!	https://avilagtitkai.com/articles/view/a-koffeint-es-a-cigarettat-hasznalo-agy-rosszabb-allapotban-van-mintha-drogozna?fbclid=IwAR1DW8v8kbDqcfgJE8J0Vrvt6HrmhtWvaYdcmE5Rs8MzCbnXsQu6DfHUiKg	2021.06.24	31	560	3383	fn	False
fn1280	50 éves rejtély oldódott meg a rákkal kapcsolatban: közelebb viheti az orvosokat a gyógyszer létrehozásához!	https://avilagtitkai.com/articles/view/50-eves-rejtely-oldodott-meg-a-rakkal-kapcsolatban-kozelebb-viheti-az-orvosokat-a-gyogyszer-letrehozasahoz?fbclid=IwAR2gcq0PyrE81_z9TKyhuuh45KWmahMC0T0qSZgPgOs41U6OQO36Z5Fv_5A	2020.06.08	14	318	1951	fn	False
fn1281	Orvosi csoda: Harmadik vesét találtak egy hátfájós betegben	https://avilagtitkai.com/articles/view/orvosi-csoda-harmadik-veset-talaltak-egy-hatfajos-betegben?fbclid=IwAR3b8Kvd1mucDXGfZMKR3redvIbgDqruh_KBA6x5jLw_SDUbQ8JV-knBtLw	2020.05.11	20	361	2360	ctrl	False
fn1285	Megszereztük az elvetett oltási terveket	https://hircsarda.hu/2021/01/13/megszereztuk-az-elvetett-oltasi-terveket/	2021.01.13	14	330	1968	fn	False
fn1286	Újabb járványveszélyes vírust azonosítottak Magyarországon: az ebola közeli rokona!	http://kimondottigazsagok.com/ujabb-jarvanyveszelyes-virust-azonositottak-magyarorszagon-az-ebola-kozeli-rokona/		16	260	1806	fn	False
fn1287	Aggasztó dolgot mondott Szlávik János a vakcinákról	http://kimondottigazsagok.com/aggaszto-dolgot-mondott-szlavik-janos-a-vakcinakrol/		16	266	1494	ctrl	False
fn1288	Zavarhatják a menstruációs ciklust az mRNS-vakcinák: közleményt adtak ki	http://kimondottigazsagok.com/zavarhatjak-a-menstruacios-ciklust-az-mrns-vakcinak-kozlemenyt-adtak-ki/		14	216	1356	ctrl	False
fn1289	Az egész világot átverték? Egy professzor megdöbbentő kijelentést tett a vírus kapcsán	http://kimondottigazsagok.com/az-egesz-vilagot-atvertek-egy-professzor-megdobbento-kijelentest-tett-a-virus-kapcsan/		23	390	2298	fn	False
fn1290	Elfelejthetjük a nyájimmunitást: a WHO és a tudósok aggasztó, valamint egy fontos dolgot mondtak	http://kimondottigazsagok.com/elfelejthetjuk-a-nyajimmunitast-a-who-es-a-tudosok-aggaszto-valamint-egy-fontos-dolgot-mondtak/		16	284	1781	fn	False
fn1291	Kitálalt a Pfizer vezére az mRNS vakcinák mellékhatásáról	http://kimondottigazsagok.com/kitalalt-a-pfizer-vezere-az-mrns-vakcinak-mellekhatasarol/		14	179	1088	fn	False
fn1293	LEHET HOGY A TELJES NÉPESSÉGET ÚJRA KELL OLTANI EGY NEGYEDIK OLTÁSSAL!	http://titkokszigete.hu/lehet-hogy-a-teljes-nepesseget-ujra-kell-oltani-egy-negyedik-oltassal/		15	277	1665	fn	False
fn1297	Csak a halált nem gyógyítja: cukorbaj, rák, agyvérzés, vérnyomás csökkentő, és még sok más betegség ellenszere!	https://www.tudasfaja.com/csak-a-halalt-nem-gyogyitja-cukorbaj-rak-agyverzes-vernyomas-csokkento-es-meg-sok-mas-betegseg-ellenszere/	2022.05.12	44	591	4033	fn	False
fn1298	Rák, koleszterin, fogfájás, ízületi gyulladás, megfázás és még sok más betegség ellenszere a fahéj! Megmutatjuk hogy alkalmazd gyógyszerként!	https://www.tudasfaja.com/rak-koleszterin-fogfajas-izuleti-gyulladas-megfazas-es-meg-sok-mas-betegseg-ellenszere-a-fahej/	2022.06.22	69	846	5331	fn	False
fn1299	Megelőzi a degeneratív betegségeket, az ízületi fájdalmat, a szívbetegséget vagy az agyvérzést. Hányan ismeritek fel ezt a növényt?	https://www.tudasfaja.com/macskakarom-megelozi-a-degenerativ-betegsegeket-az-izuleti-fajdalmat-a-szivbetegseget/	2022.05.15	238	3254	21811	fn	False
fn1300	FERENC PÁPÁNÁL VAN A RÁK ELLENSZERE, DE ELZÁRJA A VILÁG ELŐL?	http://titkokszigete.hu/ferenc-papanal-van-a-rak-ellenszere-de-elzarja-a-vilag-elol/		20	381	2145	fn	False
fn1301	A PITYPANG GYÖKÉR LEHET A RÁK ELLENSZERE: MÁR KLINIKAI KÍSÉRLETEK IS VIZSGÁLJÁK HATÁSÁT	http://titkokszigete.hu/a-pitypang-gyoker-lehet-a-rak-ellenszere-mar-klinikai-kiserletek-is-vizsgaljak-hatasat/		16	327	2163	fn	False
fn1302	LEGALÁBB 30 BETEGSÉG ÉS A RÁK ELLENSZERE, A GYÓGYSZERLOBBI MÉGIS ELHALLGATJA?	http://titkokszigete.hu/legalabb-30-betegseg-es-a-rak-ellenszere-a-gyogyszerlobbi-megis-elhallgatja/		36	702	4526	fn	False
fn1303	A COVID vakcinák által megsérült pilóták beszélnek: Valószínűleg soha többé nem fogok repülni	https://www.pokolafoldon.hu/pandemia/a-covid-vakcinak-altal-megserult-pilotak-beszelnek-valoszinuleg-soha-tobbe-nem-fogok-repulni	2022.05.09	207	4685	28316	fn	False
fn1304	Amit a WHO Pandémiaszerződéséről tudni kell	https://www.pokolafoldon.hu/blog/amit-a-who-pandemiaszerzodeserol-tudni-kell	2022.05.10	138	3182	20596	fn	False
fn1305	A 40 év alattiak körében regisztrált szívbetegségek száma 20,000%-kal robban a COVID-19 vakcinák bevezetése után	https://www.pokolafoldon.hu/pandemia/a-40-ev-alattiak-koreben-regisztralt-szivbetegsegek-szama-20-000-kal-robban-a-covid-19-vakcinak-bevezetese-utan	2022.05.11	65	1831	11795	fn	False
fn1306	A Covid a világtörténelem legnagyobb hazugsága, és Michel Chossudovsky professzor bebizonyítja ezt	https://www.pokolafoldon.hu/pandemia/a-covid-a-vilagtortenelem-legnagyobb-hazugsaga-es-michel-chossudovsky-professzor-bebizonyitja-ezt	2022.05.03	242	4226	26100	fn	False
fn1307	A kórházakat a Covid-betegek mérgezésére és megölésére anyagilag ösztönző szabály került elő	https://www.pokolafoldon.hu/blog/a-korhazakat-a-covid-betegek-mergezesere-es-megolesere-anyagilag-osztonzo-szabaly-kerult-elo	2022.01.03	53	982	5822	fn	False
fn1309	NÉGYSZER több oltott ember hal meg, mint oltatlan... az elnéptelenedés hatásai beindulnak, és a holttestek felhalmozódnak	https://www.pokolafoldon.hu/pandemia/negyszer-tobb-oltott-ember-hal-meg-mint-oltatlan-az-elneptelenedes-hatasai-beindulnak-es-a-holttestek-felhalmozodnak	2021.11.22	26	737	4281	fn	False
fn1310	A PCR-teszt megölhet – és oltásra is használható	https://www.pokolafoldon.hu/pandemia/a-pcr-teszt-megolhet-es-oltasra-is-hasznalhato	2022.04.04	81	1568	9444	fn	False
fn1311	TÖMEGÉVEL FOGNAK SÚLYOS BETEG GYEREKEK SZÜLETNI MAGYARORSZÁGON: MEGKONGATTÁK A VÉSZHARANGOT.	http://titkokszigete.hu/tomegevel-fognak-sulyos-beteg-gyerekek-szuletni-magyarorszagon-megkongattak-a-veszharangot/		20	302	1844	fn	False
fn1312	A GYÖMBÉR 10.000-SZER ERŐSEBB ÉS HATÉKONYABB, MINT A KEMÓ: CSAK A RÁKOS SEJTEKET PUSZTÍTJA EL, MELLÉKHATÁSOK NÉLKÜL	http://titkokszigete.hu/a-gyomber-10-000-szer-erosebb-es-hatekonyabb-mint-a-kemo-csak-a-rakos-sejteket-pusztitja-el-mellekhatasok-nelkul/		34	559	3578	fn	False
fn1313	Megtörte a csendet a WHO – ez az igazság a védőoltásokról	https://www.tudasfaja.com/megtorte-a-csendet-a-who-ez-az-igazsag-a-vedooltasokrol/	2021.06.21	21	520	3199	ctrl	False
fn1314	Elfeledett filléres csodaszerünk a keserűsó. Így szépülj és gyógyulj vele!	https://www.tudasfaja.com/elfeledett-filleres-csodaszerunk-a-keseruso/	2022.03.07	22	314	1897	fn	False
fn1315	Fontos bejelentés jött a WHO-tól az oltással kapcsolatban! Erre senki nem számított!	https://www.tudasfaja.com/fontos-bejelentes-jott-a-who-tol-az-oltassal-kapcsolatban-erre-senki-nem-szamitott/	2021.04.07	9	193	1192	ctrl	False
fn1316	A Világkormány első téglája	https://www.fenevadjele.hu/uj-vilagrend/a-vilagkormany-elso-teglaja	2022.05.06	6	77	478	fn	False
fn1317	Véget érhet a rák kora: nincs többé áttét, egy új eljárás megakadályozza	http://eztnezdmeg.net/veget-erhet-a-rak-kora-nincs-tobbe-attet-egy-uj-eljaras-megakadalyozza/	2019.01.24	9	147	963	fn	False
fn1318	Egy növény, ami a fokhagymánál is hatásosabb – Csökkenti a vérnyomást és csodát művel a vércukorral!	http://eztnezdmeg.net/egy-noveny-ami-a-fokhagymanal-is-hatasosabb-csokkenti-a-vernyomast-es-csodat-muvel-a-vercukorral/	2018.11.12	26	310	2021	fn	False
fn1319	Ez a sav megeszi a tested: a világ 27 leglúgosítóbb étele. Ha ezeket eszed, elkerül a rák, a szívbetegség  Olvasd tovább: http://eztnezdmeg.net/ez-a-sav-megeszi-a-tested-a-vilag-27-leglugositobb-etele-ha-ezeket-eszed-elkerul-a-rak-a-szivbetegseg/	http://eztnezdmeg.net/ez-a-sav-megeszi-a-tested-a-vilag-27-leglugositobb-etele-ha-ezeket-eszed-elkerul-a-rak-a-szivbetegseg/	2018.12.14	23	261	1584	fn	False
fn1320	Október elsején érkezik az új influenza, a H1N1 3.0!	https://hircsarda.hu/2010/09/30/12328_oktober_elsejen_erkezik_az_uj_influenza_a_h1n1_3_0/	2010.09.30	11	326	2045	fn	False
fn1321	NeoCov: Egy mutációra az új pandémiától? Vuhanban ismét “kotyvasztanak”…?!	http://kimondottigazsagok.com/neocov-egy-mutaciora-az-uj-pandemiatol-vuhanban-ismet-kotyvasztanak/		21	362	2106	fn	False
fn1323	Fogyaszd ezt 5 évenként és búcsút mondhatsz a betegségeknek, akár életed végéig!  Olvasd tovább: http://eztnezdmeg.net/fogyaszd-ezt-5-evenkent-es-bucsut-mondhatsz-a-betegsegeknek-akar-eleted-vegeig/	http://eztnezdmeg.net/fogyaszd-ezt-5-evenkent-es-bucsut-mondhatsz-a-betegsegeknek-akar-eleted-vegeig/	2018.11.08	10	190	1227	fn	False
fn1326	Magyar kutató jöhetett rá, hogyan aktiválható az immunrendszerünk svájci bicskája: Nobel-díjat is érhet a felfedezés?	https://vilagfigyelo.com/magyar-kutato-johetett-ra-hogyan-aktivalhato-az-immunrendszerunk-svajci-bicskaja-nobel-dijat-is-erhet-a-felfedezes/#docst		29	560	3745	fn	False
fn1328	Közönséges nátha vírus pusztította ki a rákot a betegek szervezetében: a jövő rákgyógyszere a küszöbön	https://vilagfigyelo.com/kozonseges-natha-virus-pusztitotta-ki-a-rakot-a-betegek-szervezeteben-a-jovo-rakgyogyszere-a-kuszobon/#docst		20	299	1847	fn	False
fn1329	A mesterséges koronavírust, már 2015-ben leleplezte az olasz televízió	https://vilagfigyelo.com/a-mesterseges-koronavirust-mar-2015-ben-leleplezte-az-olasz-televizio/#docst		11	173	1078	fn	False
fn1330	Alig létezik olyan beteg, akin ne segíthetne a kannabisz különös hatóanyaga, a CBD	https://vilagfigyelo.com/alig-letezik-olyan-beteg-akin-ne-segithetne-a-kannabisz-kulonos-hatoanyaga-a-cbd/#docst		105	2687	18337	fn	False
fn1331	A háziorvosom ajánlatára rendszeresen rágtam szegfűszeget! Ez változott az életemben…	https://www.tudasfaja.com/a-haziorvosom-ajanlatara-rendszeresen-ragtam-szegfuszeget-ez-valtozott-az-eletemben/	2018.08.13	38	357	2297	fn	False
fn1333	ITT AZ IGAZSÁG A PARLAGFŰRŐL! TEGYÉTEK KÖZZÉ MINÉL TÖBBEN, HOGY MINDENKIHEZ ELJUSSON AZ IGAZSÁG !!!	http://eztnezd.net/itt-az-igazsag-a-parlagfurol-tegyetek-kozze-minel-tobben-hogy-mindenkihez-eljusson-az-igazsag/		63	992	6592	fn	False
fn1334	EGY NÖVÉNY MELYRŐL KIDERÜLT, HOGY ELPUSZTÍTJA A RÁKOS SEJTEKET AKÁR 16 ÓRA ALATT	http://eztnezd.net/egy-noveny-melyrol-kiderult-hogy-elpusztitja-a-rakos-sejteket-akar-16-ora-alatt-2/		12	316	1977	fn	False
fn1335	77 éves mamám ezzel az olajjal tüntette el a visszerét pár hét alatt	http://eztnezd.net/77-eves-mamam-ezzel-az-olajjal-tuntette-el-a-visszeret-par-het-alatt/		18	233	1298	fn	False
fn1336	"Klór-dioxid, az ""univerzális ellenszer"""	https://www.pokolafoldon.hu/blog/klor-dioxid-az-univerzalis-ellenszer	2022.04.22	22	647	4067	fn	False
fn1337	A kenderolaj titkáról: ezért nem engedik, hogy gyógyszer legyen belőle! – Interjú Rick Simpsonnal	https://vilagfigyelo.com/interju-rick-simpsonnal-a-kenderolaj-titkarol-ezert-nem-engedik-hogy-gyogyszer-legyen-belole/#docst		107	1652	9411	fn	False
fn1338	A KANNABISZ MINT GYÓGYMÓD ELTÖRLÉSE: TITKOS RÁKELLENSZERT FOJTOTTAK EL A GYÓGYSZERLOBBI NYOMÁSÁRA?	http://titkokszigete.hu/a-kannabisz-mint-gyogymod-eltorlese-titkos-rakellenszert-fojtottak-el-a-gyogyszerlobbi-nyomasara/		25	445	2796	fn	False
fn1340	BILL GATES: ÚJ VILÁGJÁRVÁNY JÖHET: KIADTA A “VÖRÖS KÓDOT” A CIVILIZÁCIÓ SZÁMÁRA!	http://titkokszigete.hu/bill-gates-uj-vilagjarvany-johet-kiadta-a-voros-kodot-a-civilizacio-szamara/		17	262	1653	fn	False
fn1341	Megfázást okozó vírus irthatja ki a koronavírust – az emberiség végső reménye lehet!	http://kimondottigazsagok.com/megfazast-okozo-virus-irthatja-ki-a-koronavirust-az-emberiseg-vegso-remenye-lehet/		18	409	2525	ctrl	False
fn1342	Újabb májgyulladásos eseteket jelentettek Romániából: terjed a gyerekeket támadó súlyos kór	http://kimondottigazsagok.com/ujabb-majgyulladasos-eseteket-jelentettek-romaniabol-terjed-a-gyerekeket-tamado-sulyos-kor/		22	552	3684	ctrl	False
fn1343	MEGVAN AZ ELHÍZÁS ELLENSZERE: 22 KILÓT FOGYTAK A BETEGEK EGY ÚJ KÍSÉRLETI GYÓGYSZERTŐL	http://titkokszigete.hu/megvan-az-elhizas-ellenszere-22-kilot-fogytak-a-betegek-egy-uj-kiserleti-gyogyszertol/		14	260	1563	fn	False
fn1347	Ásványvíz: legalább olyan káros, mint a cigi! Megdöbbentő bizonyítékok, laboratóriumban igazolt TÉNYEK borítják a bilit!	https://vilagfigyelo.com/asvanyviz-legalabb-olyan-karos-mint-a-cigi-megdobbento-bizonyitekok-laboratoriumban-igazolt-tenyek-boritjak-a-bilit/#docst		22	335	2056	fn	False
fn1349	A vírusra hivatkozva, új digitális-rabszolgaságba taszítják az egész világot	https://vilagfigyelo.com/a-virusra-hivatkozva-uj-digitalis-rabszolgasagba-taszitjak-az-egesz-vilagot/#docst		44	802	5226	fn	False
fn1351	Igyál egy kupicával: A jó pálinka bivalyerős egészségügyi hatásai	https://vilagfigyelo.com/igyal-egy-kupicaval-a-jo-palinka-bivalyeros-egeszsegugyi-hatasai/#docst		12	213	1359	fn	False
fn1354	A WHO VESZÉLYHELYZETET HIRDETHET A GYERMEKEKET TÁMADÓ MÁJGYULLADÁS MIATT?	http://titkokszigete.hu/a-who-veszelyhelyzetet-hirdethet-a-gyermekeket-tamado-majgyulladas-miatt/		26	471	2898	fn	False
fn1355	ÖSSZEFÜGGÉST TALÁLTAK A HIRTELEN FELLÉPŐ SZÍVPROBLÉMÁK ÉS A COVID-VAKCINÁK KÖZÖTT!	http://titkokszigete.hu/osszefuggest-talaltak-a-hirtelen-fellepo-szivproblemak-es-a-covid-vakcinak-kozott/		14	257	1688	fn	False
fn1356	GYÓGYSZEREK ÁLTAL MEGBETEGÍTETT ÉS LELKILEG MEGNYOMORÍTOTT TÁRSADALOM	http://titkokszigete.hu/gyogyszerek-altal-megbetegitett-es-lelkileg-megnyomoritott-tarsadalom/		33	533	3075	fn	False
fn1358	ÍZIG-VÉRIG ZÖLD: EZ A NÖVÉNY MINDEN DRÁGA GYÓGYSZERTÁRI SZERNÉL TÖBBET ÉR, HELYRETESZI AZ EMÉSZTÉST	http://titkokszigete.hu/izig-verig-zold-ez-a-noveny-minden-draga-gyogyszertari-szernel-tobbet-er-helyreteszi-az-emesztest/		21	398	2428	fn	False
fn1360	A KÁVÉ EDDIG NEM ISMERT HATÁSÁRA DERÜLT FÉNY: TELJESEN ÁTALAKÍTJA A SZERVEZETET NAPI 4 CSÉSZE	http://titkokszigete.hu/a-kave-eddig-nem-ismert-hatasara-derult-feny-teljesen-atalakitja-a-szervezetet-napi-4-csesze/		23	348	2095	fn	False
fn1361	A TENGERI UBORKA LEHET A JÖVŐ RÁKGYÓGYSZERE? EGY KUTATÁS SZERINT A RÁKOS SEJTEK 95%-ÁT ELPUSZTÍTJA	http://titkokszigete.hu/a-tengeri-uborka-lehet-a-jovo-rakgyogyszere-egy-kutatas-szerint-a-rakos-sejtek-95-at-elpusztitja/		34	600	3685	fn	False
fn1363	Ezt teszi a testeddel a puffasztott rizs! Vigyázz vele!!!	https://mindenegybenblog.com/?p=7016	2022.08.04	27	380	2224	fn	False
fn1364	Ha itt fáj a hasad, erre a betegségre utalhat!	https://mindenegybenblog.com/?p=6230	2022.04.11	16	185	1179	fn	False
fn1366	Intsünk búcsút a szédülésnek, az ízületi fájdalmaknak, a krónikus fáradtságnak, valamint a pajzsmirigy megbetegedéseknek! Íme a recept!	https://www.tudasfaja.com/intsunk-bucsut-a-szedulesnek-az-izuleti-fajdalmaknak-a-kronikus-faradtsagnak-valamint-a-pajzsmirigy-megbetegedeseknek-ime-a-recept/	2022.09.08	15	226	1324	fn	False
fn1367	Egyfolytában hízol, rosszul alszol, és fájnak az ízületeid? Ez az egyszerű fűszer a jelentheti számodra a megoldást!	https://www.tudasfaja.com/ez-az-egyszeru-fuszer-a-jelentheti-szamodra-a-megoldast/	2022.09.09	24	337	1825	fn	False
fn1368	Kiszáradt, ráncosodó bőr, gyakori szédülés – Vigyázz, mert ebben a betegségben szenvedsz!	https://www.tudasfaja.com/kiszaradt-rancosodo-bor-gyakori-szedules-vigyazz-mert-ebben-a-betegsegben-szenvedsz/	2022.09.09	24	275	1703	fn	False
fn1369	20 élelmiszer, amit tilos a cukorbetegeknek fogyasztani! Itt a teljes lista, tessék elmenteni!	https://www.tudasfaja.com/20-elelmiszer-amit-tilos-a-cukorbetegeknek-fogyasztani-itt-a-teljes-lista-tessek-elmenteni/	2022.09.09	61	655	4118	fn	False
fn1370	Ezek a jelei, hogy hasnyálmirigy rákban szenvedsz	https://www.tudasfaja.com/ezek-a-jelei-hogy-hasnyalmirigy-rakban-szenvedsz/	2022.09.12	33	315	2033	fn	False
fn1373	FOGYJON HETENTE 2-3 KILÓT!	https://slimist.hu/?gclid=Cj0KCQjwvZCZBhCiARIsAPXbajt94ix5KKzhFzgMwh-8kh1nSniCOZUBd-ATPPsEeUbGOGF2t7KpB0UaAguVEALw_wcB#osszetevok		67	888	5738	fn	False
fn1375	Csak 3 evőkanál naponta, és máris csökkenti a koleszterinszintet és őrült módon veszít a hasi zsírból	https://blogmania.hu/csak-3-evokanal-naponta-es-maris-csokkenti-a-koleszterinszintet-es-orult-modon-veszit-a-hasi-zsirbol/		35	299	1827	fn	False
fn1376	Hogyan ismerheti fel és hogyan enyhítheti a szívrohamot otthon?	https://blogmania.hu/hogyan-ismerheti-fel-es-hogyan-enyhitheti-a-szivrohamot-otthon/		49	664	3623	fn	False
fn1377	Szögezze le a nyomást! (személyes tapasztalat)	https://blogmania.hu/szogezze-le-a-nyomast-szemelyes-tapasztalat/		14	180	1021	fn	False
fn1378	Hűha. A legnehezebb fertőzések elhagyják a testet egy csodálatos természetes pornak köszönhetően	https://blogmania.hu/huha-a-legnehezebb-fertozesek-elhagyjak-a-testet-egy-csodalatos-termeszetes-pornak-koszonhetoen/		33	416	2437	fn	False
fn1379	Ha reggel torokfájással ébredsz, egy óra alatt visszafordíthatod a betegséget	https://egyazegyben.com/ha-reggel-torokfajassal-ebredsz-egy-ora-alatt-visszafordithatod-a-betegseget-50132	2022.09.17	7	86	496	fn	False
fn1380	5 módszer - Ha fáj a fogad, a gyógyszerek helyett ezeket próbáld ki!	https://egyazegyben.com/5-modszer-ha-faj-a-fogad-a-gyogyszerek-helyett-ezeket-probald-ki-126108	2022.04.09	24	270	1770	fn	False
fn1383	The Lancet: 2 éves kutatómunka igazolta: Mesterséges a világjárványt kiváltó koronavírus és amerikai biológiai laboratóriumból származik!	https://www.alternativhirek.com/2022/07/the-lancet-2-eves-kutatomunka-igazolta.html		9	214	1403	fn	False
fn1384	Megérte a világjárvány létrehozása? Haszontalan lezárások és PCR tesztek, a milliárdosok milliárdokat kerestek, a szegények pedig rengeteget veszítettek...	https://www.alternativhirek.com/2022/09/megerte-vilagjarvany-letrehozasa.html	2022.09.02	39	902	5817	fn	False
fn1385	A kalcium mítosz összeomlása!?	https://www.phytomint.hu/hazi-praktikak/egeszsegmegorzes/a-kalcium-mitosz-osszeomlasa.html	2012.06.20	61	837	5345	fn	False
fn1386	Az intelligens mérők nem az Ön javát szolgálják - ha ők irányítják az energiát, ők irányítjak Önt is	https://www.pokolafoldon.hu/egeszseg/az-intelligens-merok-nem-az-on-javat-szolgaljak-ha-ok-iranyitjak-az-energiat-ok-iranyitjak-ont-is	2022.09.07	93	2064	13194	fn	False
fn1387	A bélmikrobióma és a szív- és érrendszeri egészség összefügg, a cukkini mindkettőn javíthat	https://www.pokolafoldon.hu/egeszseg/a-belmikrobioma-es-a-sziv-es-errendszeri-egeszseg-osszefugg-a-cukkini-mindketton-javithat	2022.09.07	137	2155	13896	fn	False
fn1389	A rákos sejtek elpusztítják önmaguk a kannabisz hatására: mikroszkopikus felvételen a bizonyíték	https://vilagfigyelo.com/a-rakos-sejtek-elpusztitjak-onmaguk-a-kannabisz-hatasara-mikroszkopikus-felvetelen-a-bizonyitek/#docst		17	372	2309	fn	False
fn1390	383.000 csecsemőt öltek meg abortuszok során, többet, mint bármikor korábban a Tervezett Szülőség éves jelentése szerint	https://www.pokolafoldon.hu/egeszseg/383-000-csecsemot-oltek-meg-abortuszok-soran-tobbet-mint-barmikor-korabban-a-tervezett-szuloseg-eves-jelentese-szerint	2022.09.11	17	385	2522	fn	False
fn1392	Több száz madár pusztult el az 5G hálózat kísérleti tesztje során: “tetemek borítottak mindent”!	https://vilagfigyelo.com/tobb-szaz-madar-pusztult-el-az-5g-halozat-kiserleti-tesztje-soran-tetemek-boritottak-mindent/#docst		28	542	3239	fn	False
fn1395	Egyfolytában hízol, rosszul alszol, és fájnak az ízületeid? Ez az egyszerű fűszer a jelentheti számodra a megoldást!	https://m.minden-egyben.com/eletmod-egeszseg/egyfolytaban-hizol-rosszul-alszol?fbclid=IwAR1_vyGLZSEuUUw-objg8FlBf3cEx1pVGPG465UNHBxDljgz9PZMMWeXxrs	2022.09.10	26	358	1945	fn	False
fn1399	EZ A SZEMÖLCS ÉS BŐRKEMÉNYEDÉS LEGNAGYOBB ELLENSÉGE: SEMMIBE NEM KERÜL ÉS HATÉKONYABB MINT A GYÓGYSZERÁRI KENCÉK	http://titkokszigete.hu/ez-a-szemolcs-es-borkemenyedes-legnagyobb-ellensege-semmibe-nem-kerul-es-hatekonyabb-mint-a-gyogyszerari-kencek/	2019.09.19	21	345	2104	fn	False
fn1401	A KANNABISZ ÉS A CSÍPŐS ÉTREND KOMBINÁCIÓJA ELKÉPESZTŐ ERŐVEL RUHÁZZA FEL AZ IMMUNRENDSZERT	http://titkokszigete.hu/a-kannabisz-es-a-csipos-etrend-kombinacioja-elkepeszto-erovel-ruhazza-fel-az-immunrendszert/	2019.09.19	26	394	2576	fn	False
fn1402	4 ÓRA ALATT ELTÜNTETTE A RÁKOT EGY ÚJ KEZELÉS: A TUDÓSOK ÁTTÖRÉSRŐL BESZÉLNEK	http://titkokszigete.hu/4-ora-alatt-eltuntette-a-rakot-egy-uj-kezeles-a-tudosok-attoresrol-beszelnek/	2022.09.18	15	269	1710	fn	False
fn1403	EGYRE TÖBBEN LESZNEK RÁKOSAK 50 ÉVES KORUKRA, MÁR JÁRVÁNYRÓL BESZÉLNEK A SZAKEMBEREK	http://titkokszigete.hu/egyre-tobben-lesznek-rakosak-50-eves-korukra-mar-jarvanyrol-beszelnek-a-szakemberek/	2022.09.13	17	378	2322	fn	False
fn1406	Nyilvánosságra került a lista – ezt okozza a szervezetben a Pfizer és a Moderna vakcina	https://www.tudasfaja.com/nyilvanossagra-kerult-a-lista-ezt-okozza-a-szervezetben-a-pfizer-es-a-moderna-vakcina/	2022.09.19	29	424	2716	fn	False
fn1407	Ezt az 5 dolgot tenné egy orvos, ha rákot találnának nála!	https://www.tudasfaja.com/ezt-az-5-dolgot-tenne-egy-orvos-ha-rakot-talalnanak-nala/	2017.05.05	14	243	1465	fn	False
fn1408	Gyakran rángatózott a szemem, azt hittem normális. Amikor megtudtam minek a tünete ez, majdnem rosszul lettem!	https://www.tudasfaja.com/gyakran-rangatozott-a-szemem-azt-hittem-normalis-amikor-megtudtam-minek-a-tunete-ez-majdnem-rosszul-lettem/	2022.07.15	27	489	3001	fn	False
fn1410	RENDKÍVÜLI HÍR ( A COVID is így kezdődött )…a WHO összeül a majomhimlő miatt!	https://mindenegybenblog.com/?p=6829	2022.06.14	9	188	1214	fn	False
fn1411	Az orvos tanácsa: így vehetjük észre időben a vastagbélrák jeleit	https://bekezdes.co/az-orvos-tanacsa-igy-vehetjuk-eszre-idoben-a-vastagbelrak-jeleit-127319	2022.09.19	24	308	1888	fn	False
fn1412	A CSODAMÉZ A LEGDURVÁBB TÜDŐBETEGSÉGET IS GYÓGYÍTJA: ŐSEINK EZT MÁR RÉG TUDTÁK!	http://titkokszigete.hu/a-csodamez-a-legdurvabb-tudobetegseget-is-gyogyitja-oseink-ezt-mar-reg-tudtak/	2022.09.14	19	266	1741	fn	False
fn1414	Agydaganat – 3 tünet ébredés után, ami azonnal figyelmeztet	https://www.tudasfaja.com/agydaganat-3-tunet-ebredes-utan-ami-azonnal-figyelmeztet/	2022.09.19	26	323	2040	fn	False
fn1416	Dr Lenkei elárulta az egészség legnagyobb titkát: a legfontosabb írás az életedben!	https://avilagtitkai.com/articles/view/dr-lenkei-elarulta-az-egeszseg-legnagyobb-titkat-a-legfontosabb-iras-az-eletedben	2022.01.09	32	322	1856	fn	False
fn1420	20+ rendkívüli pszichológiai tény, amiről mindenkinek tudnia kell!	https://www.legjava.pro/2022/06/20-rendkivuli-pszichologiai-teny-amirol.html	2022.06.20	65	909	5348	fn	False
fn1421	Ez a növény még a fokhagymánál is hatásosabb – Csökkenti a vérnyomást és csodát művel a vércukorral!	https://m.minden-egyben.com/eletmod-egeszseg/ez-a-noveny-meg-a-fokhagymanal-is-hatasosabb-2	2022.06.11	33	347	2084	fn	False
fn1425	Édesanyám nagyon nehezen gyógyult ki a megfázásból, de mikor elkészítette ezt az italt, másnapra eltűnt a betegség! Alig hittük el!	https://mindenegybenblog.com/?p=6411	2022.04.17	13	185	1030	fn	False
fn1433	Ezzel a gyógyító elixírrel egy éjszaka alatt vége a megfázásnak és az influenzának!	https://www.tudasfaja.com/ezzel-a-gyogyito-elixirrel-egy-ejszaka-alatt-vege-a-megfazasnak-es-az-influenzanak/	2022.09.20	12	164	929	fn	False
fn1435	Egy súlyos betegség, ami egyre több fiatalt érint! Ezek az előjelek!	https://www.tudasfaja.com/egy-sulyos-betegseg-ami-egyre-tobb-fiatalt-erint-ezek-az-elojelek/	2022.09.15	19	246	1438	fn	False
fn1437	60 éves vagyok, és ez a növény visszaadta a látásom, eltávolította a zsírt a májamról, és teljesen megtisztította a beleimet	https://www.tudasfaja.com/visszaadta-a-latasom-eltavolitotta-a-zsirt-a-majamrol-es-teljesen-megtisztitotta-a-beleimet/	2022.09.01	28	366	2056	fn	False
fn1438	Meg van a vitamin, ami nem csak falja a zsírt, de a rák ellen is segít	https://www.tudasfaja.com/meg-van-a-vitamin-ami-nem-csak-falja-a-zsirt-de-a-rak-ellen-is-segit/	2022.09.19	25	362	2444	fn	False
fn1439	Méregtelenít, elégeti az összes sírt, megszünteti a gyulladásokat és gyógyítja az ízületeket	https://www.tudasfaja.com/meregtelenit-elegeti-az-osszes-sirt-megszunteti-a-gyulladasokat-es-gyogyitja-az-izuleteket/	2022.07.11	27	224	1450	fn	False
fn1441	RÁKOT OKOZHAT A HINTŐPOR, LEÁLLÍTJÁK A GYÁRTÁSÁT: TE HASZNÁLOD? AZONNAL FELEJTSD EL	http://titkokszigete.hu/rakot-okozhat-a-hintopor-leallitjak-a-gyartasat-te-hasznalod-azonnal-felejtsd-el/	2022.08.20	16	212	1352	fn	False
fn1443	8 egészséggel kapcsolatos trükk, amivel újjá varázsolhatod a tested és a szervezeted.	https://vilagunk.hu/8-egeszseggel-kapcsolatos-trukk-amivel-ujja-varazsolhatod-a-tested-es-a-szervezeted/	2019.05.05	41	761	4463	fn	False
fn1444	Denevérek terjeszthették emberre a korona vírust	https://nembeteg.hu/egeszsegmegorzes-betegsegmegelozes-magazin/963/Deneverek-terjeszthettek-emberre-a-korona-virust		25	375	2391	fn	False
fn1446	A MCDONALD’S JOGI CSATÁT VESZTETT JAMIE OLIVER SÉFFEL SZEMBEN? TÉNYLEG SZEMETET ETETNEK VELÜNK?!	http://titkokszigete.hu/a-mcdonalds-jogi-csatat-vesztett-jamie-oliver-seffel-szemben-tenyleg-szemetet-etetnek-velunk/	2022.09.14	33	557	3445	fn	False
fn1447	A DIÉTÁS ÜDÍTŐK KICSINÁLJÁK A SZÍVET HOSSZÚ TÁVON: SOKKOLÓ KUTATÁSI EREDMÉNYEK JÖTTEK	http://titkokszigete.hu/a-dietas-uditok-kicsinaljak-a-szivet-hosszu-tavon-sokkolo-kutatasi-eredmenyek-jottek/	2022.09.07	19	338	2355	fn	False
fn1448	MEGVAKULHATSZ A KÁVÉTÓL: IJESZTŐ KUTATÁS LÁTOTT NAPVILÁGOT	http://titkokszigete.hu/megvakulhatsz-a-kavetol-ijeszto-kutatas-latott-napvilagot/	2022.08.31	17	273	1667	fn	False
fn1449	NÉHÁNY CSÉSZE KÁVÉ JELENTŐSEN VÁLTOZTAT A NŐK MELLMÉRETÉN – ÁLLÍTJA EGY KUTATÁS	http://titkokszigete.hu/nehany-csesze-kave-jelentosen-valtoztat-a-nok-mellmereten-allitja-egy-kutatas/	2022.08.31	19	367	2272	fn	False
fn1450	NAGYSZÜLEINK, DÉDSZÜLEINK ÉLETTARTAMA ÉS A MI KORAI HALANDÓSÁGUNK TITKAI: NAGYON IGAZ!	http://titkokszigete.hu/nagyszuleink-dedszuleink-elettartama-es-a-mi-korai-halandosagunk-titkai-nagyon-igaz/	2022.08.24	41	676	3690	fn	False
fn1452	A MEGETETETT TÁRSADALOM: ETTŐL VAN A SOK ALLERGIA, EMÉSZTÉSI ZAVAR ÉS RÁK?	http://titkokszigete.hu/a-megetetett-tarsadalom-ettol-van-a-sok-allergia-emesztesi-zavar-es-rak/	2022.08.21	42	676	3973	fn	False
fn1453	LEROMBOLT EGÉSZSÉGTUDAT, GYILKOS ÉLELMISZEREK ÁLLNAK A GLOBÁLIS RÁKJÁRVÁNY MÖGÖTT: NÉPBETEGSÉGGÉ LESZ RÁK 2030-RA!	http://titkokszigete.hu/lerombolt-egeszsegtudat-gyilkos-elelmiszerek-allnak-a-globalis-rakjarvany-mogott-nepbetegsegge-lesz-rak-2030-ra/	2022.08.21	20	329	2058	fn	False
fn1454	VILÁGSZENZÁCIÓ: A KÖZELGŐ HALÁL JELEIT HÓNAPOKKAL KORÁBBAN ÉSZLELNI LEHET!	http://titkokszigete.hu/vilagszenzacio-a-kozelgo-halal-jeleit-honapokkal-korabban-eszlelni-lehet/	2022.08.21	24	446	2700	fn	False
fn1455	Nézd meg jobban a kezed, mit látsz rajta? A következő jelek gyanúsak lehetnek	https://www.tudasfaja.com/nezd-meg-jobban-a-kezed-mit-latsz-rajta/	2022.09.21	35	364	2159	fn	False
fn1456	Pajzsmirigy problémád csodálatos gyógyító itala ez a recept	https://www.tudasfaja.com/pajzsmirigy-problemad-csodalatos-gyogyito-itala/	2022.09.21	24	276	1706	fn	False
fn1459	Nagyanyáink titkos lázcsillapító módszere, ami gyorsan és hosszan hat	https://www.tudasfaja.com/nagyanyaink-titkos-lazcsillapito-modszere-ami-gyorsan-es-hosszan-hat/	2022.09.21	18	181	1062	fn	False
fn1460	Mindig egy kis tasak sót hordott a zsebében. Ha megérted miért tette, te is követed a példáját!	https://www.tudasfaja.com/mindig-egy-kis-tasak-sot-hordott-a-zsebeben-ha-megerted-miert-tette-te-is-koveted-a-peldajat/	2022.09.21	14	218	1181	fn	False
fn1461	Légúti fertőzés, megfázás, fájdalom és gyulladás, mindenre gyógyír ez a recept!	https://www.tudasfaja.com/leguti-fertozes-megfazas-fajdalom-es-gyulladas-mindenre-gyogyir-ez-a-recept/	2022.09.19	18	171	987	fn	False
fn1465	PROVOKÁLÁS? Egy ismert celeb kettős élete. Az egész világ előtt titkolta, hogy kopasz. Most azt állítja, hogy a haja 21 nap alatt visszanőtt! Ezt mindenki megteheti akár saját otthonában is. Ez igaz?	https://hu.just-useit.com/hu-trichomist-1/?utm_source=google_tm_hu_33&gclid=Cj0KCQjwj7CZBhDHARIsAPPWv3fZ3XDrdeI0JreSKJrQ-DL4KA5MbN73-t1UImJd6IkFUCxlCBccHBQaAiCPEALw_wcB&hit=1		122	1321	7772	fn	False
fn1466	Lejárt a hallókészülékek kora! Magyar professzor áttörő kezelése természetes módon helyreállítja a hallást 28 nap alatt	https://durkryt.com/?ctry=hu&gclid=Cj0KCQjwj7CZBhDHARIsAPPWv3e6hMHERAmA9imn5tBcvVIAMIo-YCUsUVgtfN6kCBAYo-qLcdgSuPUaAq0cEALw_wcB		85	1024	6484	fn	False
fn1467	A koronavírus elleni vakcinák veszélyei	https://felelos-szulok-es-emberek-kozossege.webnode.hu/l/a-covid-19-vakcinak-sokkal-sulyosabb-betegsegre-hajlamosithatnak/	2022.01.01	63	1704	11971	fn	False
fn1468	A maszkok tudományosan igazolt egészségkárosító hatásai	https://felelos-szulok-es-emberek-kozossege.webnode.hu/l/a-maszkok-tudomanyosan-igazolt-egeszsegkarosito-hatasai/	2021.11.28	248	5737	39368	fn	False
fn1469	Az mRNS vakcinák mechanizmusa avagy miért ne oltass velük soha?	https://felelos-szulok-es-emberek-kozossege.webnode.hu/l/az-mrns-vakcinak-mechanizmusa-avagy-miert-ne-oltass-veluk-soha/	2022.01.28	88	1634	10075	fn	False
fn189	Ne süsd alufóliában a húsokat!	http://szuperjo.net/ne-susd-alufoliaban-a-husokat/		13	234	1554	fn	True
fn190	Amiről sokan nem tudnak – így lehet akár halálos mellékhatása is a szobában való ruhaszárításnak	http://szuperjo.net/amirol-sokan-nem-tudnak-igy-lehet-akar-halalos-mellekhatasa-is-a-szobaban-valo-ruhaszaritasnak/		15	272	1621	fn	True
fn204	A vírusra hivatkozva, új digitális-rabszolgaságba taszítják az egész világot	https://vilagfigyelo.com/a-virusra-hivatkozva-uj-digitalis-rabszolgasagba-taszitjak-az-egesz-vilagot/#docst	NULL	204	805	5226	fn	True
fn205	“ELFÚJJA” A KORONAVÍRUST A MAGYAR ORRSPRAY: VILÁGSZENZÁCIÓT JELENTETTEK BE!	http://titkokszigete.hu/elfujja-a-koronavirust-a-magyar-orrspray-vilagszenzaciot-jelentettek-be/	2021.11.13	31	633	4180	fn	True
fn208	OLTATLAN VAGY? FIZESS! EZ LEHET A VÉGSŐ FEGYVER AZ OLTATLANOK TÖMEGE ELLEN	https://www.parperec.com/2021/11/oltatlan-vagy-fizess-ez-lehet-vegso.html?fbclid=IwAR1IzFQGl6uoDM6O5By_8bORLeVtY-MCVhT6vSCbfiP8xF0hvBto5FJrCGU	2021.11.08	13	188	1128	fn	True
fn217	Egy orvos elmondta a vírusfertőzésekről az igazságot! Üzenet egy józan, gondolkodó háziorvostól:	https://www.parperec.com/2021/11/egy-orvos-elmondta-virusfertozesekrol.html	2021.11.08	106	1615	10086	fn	True
fn218	COVID-19 OLTÁS KÜLFÖLDI ESETEK (FOLYAMATOSAN FRISSÍTETT!)	https://orvosokatisztanlatasert.hu/vedooltasok-vagy-halalt-okozo-oltasok/	2021.01.01	123	1851	10949	fn	True
fn219	Komoly veszélyben az oltakozott magyar családok: erről még nem szabad megfeledkezniük a szülőknek	https://www.penzcentrum.hu/egeszseg/20210415/komoly-veszelyben-az-oltakozott-magyar-csaladok-errol-meg-nem-szabad-megfeledkezniuk-a-szuloknek-1113791	2021.04.15	43	752	4697	ctrl	True
fn220	Napi koronavírus-adatok: újabb intézkedéseket helyezett kilátásba az Operatív törzs	https://www.penzcentrum.hu/egeszseg/20211116/napi-koronavirus-adatok-ujabb-intezkedeseket-helyezett-kilatasba-az-operativ-torzs-1119412	2021.11.16	9	183	1115	ctrl	True
fn239	Vidáman sétáltunk amikor egyszercsak összeesett anyukám. Ami ezután történt azt mindenkinek tudnia kell	https://www.parperec.com/2021/12/vidaman-setaltunk-amikor-egyszercsak.html	2021.12.02	25	395	2178	fn	True
fn244	Ezért íztelen a bolti paradicsom: brutális egészségkárosító hatása van a vásárolt műtermékeknek!	https://vilagfigyelo.com/ezert-iztelen-a-bolti-paradicsom-brutalis-egeszsegkarosito-hatasa-van-a-vasarolt-mutermekeknek/#docst		13	217	1308	fn	True
fn245	Médiában dolgozók tálaltak ki: így manipulálja a társadalmat és a világot a gyógyszeripar	https://vilagfigyelo.com/mediaban-dolgozok-talaltak-ki-igy-manipulalja-a-tarsadalmat-es-a-vilagot-a-gyogyszeripar/#docst		29	395	2255	fn	True
fn246	Máris mutálódik az omikron szupermutáns, lehet erősebb mutáns is jöhet még	https://olkt.net/maris-mutalodik-az-omikron-szupermutans-lehet-erosebb-mutans-is-johet-meg/	2021.12.10	23	663	3898	ctrl	True
fn256	Laborból származik a világjárványt okozó vírus - A Hamburgi Egyetem tudósa nyilvánosságra hozta 1 éven át végzett kutatásának eredményeit	https://www.alternativhirek.com/2021/02/laborbol-szarmazik-vilagjarvanyt-okozo.html		32	489	3410	fn	True
fn257	A DARPA finanszírozását kérték, hogy módosított koronavírusokkal fertőzzenek meg denevéreket már 1,5 évvel a járvány előtt - Hatalmas leleplező dokumentumok	https://www.alternativhirek.com/2021/09/a-darpa-finanszirozasat-kertek-hogy_23.html		23	671	4569	fn	True
fn261	NEM A GLUTÉNRA VAGYUNK ÉRZÉKENYEK, HANEM A GLIFOZÁT NEVŰ GYOMIRTÓRA: A TELJES IGAZSÁG…	http://titkokszigete.hu/nem-a-glutenra-vagyunk-erzekenyek-hanem-a-glifozat-nevu-gyomirtora-a-teljes-igazsag/		19	334	2223	fn	True
fn263	“NEM OLTHATJUK BE A VILÁGOT HATHAVONTA A KORONAVÍRUS ELLEN” – ÁLLÍTJA AZ OXFORD TUDÓSA	http://titkokszigete.hu/nem-olthatjuk-be-a-vilagot-hathavonta-a-koronavirus-ellen-allitja-az-oxford-tudosa/		12	212	1340	fn	True
fn264	RUSVAI MIKLÓS SZERINT AKÁR 20 OLTÁST IS BE KELL MAJD ADATNUNK DE EZ NEM PROBLÉMA	http://titkokszigete.hu/rusvai-miklos-szerint-akar-20-oltast-is-be-kell-majd-adatnunk-de-ez-nem-problema/		13	194	1099	fn	True
fn267	Rendkívüli kormány bejelentés – Ennyi fertőzött és halott lett karácsony alatt Magyarországon	https://www.tudasfaja.com/rendkivuli-kormany-bejelentes-ennyi-fertozott-es-halott-lett-karacsony-alatt-magyarorszagon/	2021.12.27	46	688	4594	ctrl	True
fn268	Az Omicron egy újabb laboratóriumi kreáció? - Vezető tudósok vetik fel a lehetőségét - Vajon a járvány gyengítése vagy egy szupertörzs létrehozása a cél?	https://www.alternativhirek.com/2021/12/az-omicron-egy-ujabb-laboratoriumi.html	2021.12.16	47	1003	6020	fn	True
fn271	A legendás asztrológusnő elmondta, mikor ér véget a világjárvány	http://kimondottigazsagok.com/a-legendas-asztrologusno-elmondta-mikor-er-veget-a-vilagjarvany/	2021.12.22	17	258	1488	fn	True
fn272	DUPLA MASZKOT kellene hordani, ezt tennék kötelezővé…?!	http://kimondottigazsagok.com/dupla-maszkot-kellene-hordani-ezt-tennek-kotelezove/	2021.12.22	14	205	1208	fn	True
fn274	Duzzanat, fájdalom, izomgörcsök	https://hu13.detonichyp.com/?TID=61D32963005B7A35D80F1405&host=macapnd.com&c=hu	2021.12.27	355	3917	22660	fn	True
fn275	A Covid miatt szükség volt az emberek manipulálására – kimondták a kimondhatatlant?	http://titkokszigete.hu/a-covid-miatt-szukseg-volt-az-emberek-manipulalasara-kimondtak-a-kimondhatatlant/	2022.01.06	22	422	2794	fn	True
fn276	Betegségügy: így ver át mindenkit, és nevel betegségtudatot az emberekbe a gyógyszermaffia	http://titkokszigete.hu/betegsegugy-igy-ver-at-mindenkit-es-nevel-betegsegtudatot-az-emberekbe-a-gyogyszermaffia/	2022.01.06	16	265	1703	fn	True
fn277	Megkeseríti, pokollá teszi az oltatlanok életét a kormányfő	http://titkokszigete.hu/megkeseriti-pokolla-teszi-az-oltatlanok-eletet-a-kormanyfo/	2022.01.05	9	193	1207	fn	True
fn278	Amiről sokan nem tudnak – így lehet akár halálos mellékhatása is a szobában való ruhaszárításnak	https://www.legjava.pro/2021/09/amirol-sokan-nem-tudnak-igy-lehet-akar.html	2022.01.03	15	272	1621	fn	True
fn279	Védelem a gombától Ön és szerettei	https://hu4.micinormv.com/?TID=61DAD927005B7A35D80C1739&c=hu	2022.01.03	122	738	4712	fn	True
fn281	Bill Gates_ itt _távirányítású_ fogamzásgátló chip_ a titkos program, amiről nem beszéltek a világnak!	https://avilagtitkai.com/articles/view/bill-gates-itt-taviranyitasu-fogamzasgatlo-chip-a-titkos-program-amirol-nem-beszeltek-a-vilagnak	2021.06.22	21	383	2273	fn	True
fn289	AGYAT FELZABÁLÓ KÓR TERJED, VILÁGJÁRVÁNY LEHET BELŐLE – MEGKONGATTÁK A VÉSZHARANGOT	http://titkokszigete.hu/agyat-felzabalo-kor-terjed-vilagjarvany-lehet-belole-megkongattak-a-veszharangot/		30	431	2632	fn	True
fn290	BOMBA: 2021. Augusztus óta minden 10 koronavírusban meghalt emberből 9 teljesen oltott volt - derült ki a legfrissebb közegészségügyi jelentésből	https://www.alternativhirek.com/2021/12/bomba-2021-augusztus-ota-minden-10.html	2021.12.22	66	1642	10406	fn	True
fn291	Fauci bomba beismerése, hogy a vakcinák sok esetben rosszabbá teszik a beoltottak fertőződését és az emberkísérlet most zajlik, mivel sokkal több idő kellett volna	https://www.alternativhirek.com/2021/12/fauci-bomba-beismerese-hogy-vakcinak.html	2021.12.29	24	458	2557	fn	True
fn292	Ha a kísérleti oltások folytatódnak, csak sértetlen immunitással lehet majd túlélni - Börtönbe zárhatnak ha nincs igazam! - Geert Van Den Bossche	https://www.alternativhirek.com/2021/12/ha-kiserleti-oltasok-folytatodnak-csak.html	2021.12.12	11	191	1194	fn	True
fn296	Tudományos bizonyítékok utalnak arra, hogy a kísérleti vakcinák átprogramozzák a veleszületett immunrendszert és a limfocitákat a szervezet szerveinek megtámadására késztetik	https://www.alternativhirek.com/2021/12/tudomanyos-bizonyitekok-utalnak-arra.html	2021.12.11	39	815	5544	fn	True
fn303	CSERNOBIL UTÓHATÁSAI: SZAKÉRTŐ VALLOTTA BE, EZÉRT VAN ANNYI RÁKBETEG!	http://titkokszigete.hu/csernobil-utohatasai-szakerto-vallotta-be-ezert-van-annyi-rakbeteg/		35	535	3400	fn	True
fn305	Dr. Papp Lajos: a víz a legcsodálatosabb koleszterincsökkentő	https://vilagfigyelo.com/dr-papp-lajos-a-viz-a-legcsodalatosabb-koleszterincsokkento/#docst		58	1216	7272	fn	True
fn306	Brutális felfedezés: a sejtekben lévő ráncok kitakarításával visszafordítható lehet az öregedés?	https://vilagfigyelo.com/brutalis-felfedezes-a-sejtekben-levo-rancok-kitakaritasaval-visszafordithato-lehet-az-oregedes/#docst		22	418	2631	fn	True
fn309	180°-os fordulat: A Pfizer vezérigazgatója hétfőn elismerte, hogy három oltás is csak korlátozott védelmet nyújt, de a fertőzéssel szemben alig véd	https://www.alternativhirek.com/2022/01/180-os-fordulat-pfizer-vezerigazgatoja.html		13	226	1580	fn	True
fn313	Ezek az előjelei annak, hogy hamarosan meghalsz	https://www.parperec.com/2022/01/ezek-az-elojelei-annak-hogy-hamarosan.html	2022.01.03	12	216	1342	fn	True
fn317	ILYEN A HALÁL ELŐTTI UTOLSÓ PILLANAT: TUDÓSOK FEDTÉK FEL, A TUDATUNK TÚLÉLI A TESTÜNK HALÁLÁT!	http://titkokszigete.hu/ilyen-a-halal-elotti-utolso-pillanat-tudosok-fedtek-fel-a-tudatunk-tuleli-a-testunk-halalat/	2021.07.01	24	375	2286	fn	True
fn318	JAPÁN KUTATÓK MEGTALÁLTÁK A KOPASZSÁG ELLENSZERÉT	https://netextra.hu/japan-kutatok-megtalaltak-a-kopaszsag-ellenszeret/		16	292	1838	fn	True
fn319	Nem soká végük lesz! Dr. Reiner Fullmich megindította az emberiesség elleni bűncselekmények miatt a jogi eljárást a CDC (WHO), a Davosi Csoport ellen.	https://www.napitema.com/2021/05/nem-soka-veguk-lesz-dr-reiner-fullmich.html?m=1&fbclid=IwAR3yWF-9dXnACUFaScDWm9t0FAtnDoKGgm6VjdkDHQMB14RW-N_OcbSlwlA	2021.05.06	86	1628	10190	fn	True
fn320	Az egészségügyi maffia	https://www.paradigmavaltok.hu/l/egeszsegugyi-maffia/	2017.11.22	91	1250	7480	fn	True
fn321	Kovács-Magyar András – Ki Ő?	https://www.matrixdrops.com/hirek-matrix-drops/kovacs-magyar-andras-ki-o		179	2517	14344	fn	True
fn322	Földsugárzás - vízér - Hartmann zóna negatív hatásai	https://www.csodalatosgyogyulasok.hu/kezeles-csodalatos-gyogyulasok/foldsugarzas-vizer-hartmann-zona-negativ-hatasai		76	1253	7895	fn	True
fn323	A vírusok felismerése információkkal	https://www.matrixdrops.com/hu/hirek-matrix-drops/a-virusok-felismerese-informaciokkal		45	540	3344	fn	True
fn324	Az atomokról és a kvantumfizika alapjairól	https://www.matrixdrops.com/hu/hirek-matrix-drops/az-atomokrol-es-a-kvantumfizika-alapjairol		47	733	4543	fn	True
fn325	Kvantumfizika - Dimenziók	https://www.matrixdrops.com/kvantumfizika/kvantumfizika-dimenziok		117	1579	9346	fn	True
fn326	Bevezetés a kvantumfizika világába	https://www.matrixdrops.com/hu/hirek-matrix-drops/bevezetes-a-kvantumfizika-vilagaba		24	328	1992	fn	True
fn327	Matrix Drops Computer	https://www.matrixdrops.com/hu/hirek-matrix-drops/matrix-drops-computer		94	1485	9968	fn	True
fn328	Matrix Drops Computer - amely előhívja a bennünk szunnyadó szuper-intelligenciát	https://www.matrixdrops.com/hu/matrix-drops-computer/matrix-drops-computer-amely-elohivja-a-bennunk-szunnyado-szuper-intelligenciat		25	388	2655	fn	True
fn329	Tudatfejlődés Matrix Drops Computer segítségével	https://www.matrixdrops.com/hu/matrix-drops-computer/tudatfejlodes-matrix-drops-computer-segitsegevel		60	828	5250	fn	True
fn330	KÜLÖNLEGES FŐZETTEL GYŐZTE LE A RÁKOT: SZERINTE AZ EMBERISÉG ORRA ELŐTT VAN AZ ELLENSZER	http://titkokszigete.hu/kulonleges-fozettel-gyozte-le-a-rakot-szerinte-az-emberiseg-orra-elott-van-az-ellenszer/		23	462	3050	fn	True
fn331	NŐI NEMI HORMONOK ÉS VEGYI ANYAGOK VANNAK AZ IVÓVÍZBEN: MÉRGEZNEK MINKET?	http://titkokszigete.hu/noi-nemi-hormonok-es-vegyi-anyagok-vannak-az-ivovizben-mergeznek-minket/		17	266	1593	fn	True
fn332	Feléledhetnek a DNS-ünkbe rég eltemetett vírusok, és komoly betegségeket okozhatnak	https://avilagtitkai.com/articles/view/feleledhetnek-a-dns-unkbe-reg-eltemetett-virusok-es-komoly-betegsegeket-okozhatnak?category=egeszseg	2022.01.09	38	706	4534	ctrl	True
fn333	Dr. Lenkei elmondta az igazságot: kitálalt arról, mi a véleménye a kemóról	https://avilagtitkai.com/articles/view/dr-lenkei-elmondta-az-igazsagot-kitalalt-arrol-mi-a-velemenye-a-kemorol	2021.10.01	68	1019	5617	fn	True
fn334	Borzalmas dolgot hoztak magukkal az antibiotikumok, ami az egész világot fenyegeti	https://avilagtitkai.com/articles/view/borzalmas-dolgot-hoztak-magukkal-az-antibiotikumok-ami-az-egesz-vilagot-fenyegeti	2021.09.27	19	372	2334	fn	True
fn335	A gyógyszeripart valójában a a betegségek terjesztésére tervezték? Így működik belülről a halál ipara!	https://avilagtitkai.com/articles/view/a-gyogyszeripart-valojaban-a-a-betegsegek-terjesztesere-terveztek-igy-mukodik-belulrol-a-halal-ipara	2021.09.27	19	377	2231	fn	True
fn336	Az emberiség selejtezése elkezdődött: Ön túléli?	https://magyartudat.com/az-emberiseg-selejtezese-elkezdodott-on-tuleli/		111	1580	9865	fn	True
fn337	Te sem voltál még covidos? Jól figyelj, mert ez az oka annak, hogy te még nem estél át rajta	https://www.tudasfaja.com/te-sem-voltal-meg-covidos-jol-figyelj-mert-ez-az-oka-annak-hogy-te-meg-nem-estel-at-rajta/	2022.02.09	21	371	2262	fn	True
fn338	A tudósok azt mondják, hogy a legtöbb ember valószínűleg 130 évig is élhet, vagy akár tovább	https://ujvilagtudat.blogspot.com/2021/10/a-tudosok-azt-mondjak-hogy-legtobb.html		32	708	4111	fn	True
fn342	Egyre több szívizom gyulladás jelentkezett az oltott gyerekeknél: kiadták a közleményt	http://kimondottigazsagok.com/egyre-tobb-szivizom-gyulladas-jelentkezett-az-oltott-gyerekeknel-kiadtak-a-kozlemenyt/?fbclid=IwAR12HXGQsw8IAvbvVlE1Cy6u-ZPMTvI6re1BvyUrE4gjZFe6mgX6x1qvaA8	2022.02.08	12	223	1445	ctrl	True
fn343	Bíróságok diszkréten megerősítették, hogy az MMR vakcina autizmust okoz - Mit tehetünk az oltások ellen?	https://ujvilagtudat.blogspot.com/2014/02/birosagok-diszkreten-megerositettek.html		31	748	4768	fn	True
fn344	1,5 milliárd beoltott ember fog meghalni. Ez az emberiség egy kihalási jelensége	https://www.fenevadjele.hu/koronavirus/1-5-milliard-beoltott-ember-fog-meghalni-ez-az-emberiseg-egy-kihalasi-jelensege	2022.02.08	3	83	492	fn	True
fn347	Goldman Sachs: Nem jó üzlet az embereket meggyógyítani, több pénzt hoz, ha sokáig kezelik őket! - kimondták az igazságot	https://www.alternativhirek.com/2018/04/goldman-sachs-nem-jo-uzlet-az-embereket.html		16	420	2613	fn	True
fn348	Cienna Knowles ausztrál 19 éves fiatal lány vallomása, miután belerokkant a 2. Pfizer oltásba - magyar felirattal	https://www.alternativhirek.com/2021/10/cienna-knowles-ausztral-19-eves-fiatal.html		35	741	4201	fn	True
fn349	Egy furcsa, de hatásos módszer, ami segít lefogyni, megelőzheti a rákot, enyhítheti az autoimmun betegségek tüneteit, és megduplázza az immunrendszer erősségét!	https://tudnodkell.info/egy-furcsa-de-hatasos-modszer-ami-segit-lefogyni-megelozheti-a-rakot-enyhitheti-az-autoimmun-betegsegek-tuneteit-es-megduplazza-az-immunrendszer-erosseget/	2022.02.06	16	257	1642	fn	True
fn350	Szenzáció: megszülethetett a harmadik génszerkesztett csecsemő Kínában	https://vilagfigyelo.com/szenzacio-megszulethetett-a-harmadik-genszerkesztett-csecsemo-kinaban/#docst		20	405	2598	ctrl	True
fn351	TÖBB MILLIÓ MAGYART FOSZTHATNAK MEG VÉGLEG A SZABADSÁGÁTÓL, ULTIMÁTUM A NÉPNEK!	http://titkokszigete.hu/tobb-millio-magyart-foszthatnak-meg-vegleg-a-szabadsagatol-ultimatum-a-nepnek/		12	244	1461	fn	True
fn354	Felfedezték az örök fiatalság elixírjét: “iható” molekula képes visszafiatalítani a testet	http://kimondottigazsagok.com/felfedeztek-az-orok-fiatalsag-elixirjet-ihato-molekula-kepes-visszafiatalitani-a-testet/		13	347	2326	fn	True
fn356	ÚJ VILÁGJÁRVÁNY KEZD KIBONTAKOZNI KÍNÁBAN: VILÁGKATASZTRÓFA ÚJRATÖLTVE?	http://titkokszigete.hu/uj-vilagjarvany-kezd-kibontakozni-kinaban-vilagkatasztrofa-ujratoltve/	2022.03.13	17	319	2051	fn	True
fn357	GÉNMANIPULÁLT SZÚNYOGOKKAL ÁRASZTJÁK EL A VILÁGOT: BELÁTHATATLAN KÖVETKEZMÉNYEI LEHETNEK	http://titkokszigete.hu/genmanipulalt-szunyogokkal-arasztjak-el-a-vilagot-belathatatlan-kovetkezmenyei-lehetnek/	2022.03.12	20	414	2713	fn	True
fn359	Magyar kutatók gyógyíthatják meg a rákot: 50%-kal csökkent a tumor mérete az első magyar betegen a kezelést követően!	https://avilagtitkai.com/articles/view/magyar-kutatok-gyogyithatjak-meg-a-rakot-50-kal-csokkent-a-tumor-merete-az-elso-magyar-betegen-a-kezelest-kovetoen	2021.10.01	16	282	1703	fn	True
fn360	Szakértők szerint hamarosan berobbanhat a koronavírus következő globális hulláma	https://hamuesgyemant.hu/tudomany/koronavirus-globalis-hullam	2022.04.08	14	314	1845	fn	True
fn361	A műanyag mikroszemcsékkel mérgeznek minket, már a csecsemők vére is tele van velük	http://kimondottigazsagok.com/a-muanyag-mikroszemcsekkel-mergeznek-minket-mar-a-csecsemok-vere-is-tele-van-veluk/		23	343	2189	fn	True
fn365	ISMERETLEN VÍRUS SZEDI ÁLDOZATAIT A GYEREKEK KÖZÖTT TÖBB NYUGATI ORSZÁGBAN	http://titkokszigete.hu/ismeretlen-virus-szedi-aldozatait-a-gyerekek-kozott-tobb-nyugati-orszagban/		18	262	1581	fn	True
fn366	KIMONDTÁK: AZ ÉDESÍTŐSZEREK TÉNYLEG RÁKOT OKOZHATNAK- A WHO LÉPNI FOG	http://titkokszigete.hu/kimondtak-az-edesitoszerek-tenyleg-rakot-okozhatnak-a-who-lepni-fog/	2022.03.30	21	350	2332	ctrl	True
fn368	Ezért van egyre több asztmás beteg: Tele van a por különféle mérgekkel	https://vilagfigyelo.com/ezert-van-egyre-tobb-asztmas-beteg-tele-van-a-por-kulonfele-mergekkel/#docst		32	568	3474	fn	True
fn369	A tudósok szerint a “lélek” nem hal meg, hanem “visszatér az univerzumba”.	https://www.harmonikum.co/a-tudosok-szerint-a-lelek-nem-hal-meg-hanem-visszater-az-univerzumba/?fbclid=IwAR0pXxyZAp8_oXZfehMaMpK1ANHqmK-cxjs2xgxbGjH5cEiNdHOm6SUMD30		36	468	2669	fn	True
fn502	Ha igaza van egy izraeli professzornak, az egész világot átverték a koronavírussal	http://titkokszigete.hu/ha-igaza-van-egy-izraeli-professzornak-az-egesz-vilagot-atvertek-a-koronavirussal/	2020.03.05	22	385	2316	fn	True
fn504	Válogatott módszerekkel mérgezik a Föld lakosságát: rendszerszinten csökkentenék le a lakosságot?	http://titkokszigete.hu/valogatott-modszerekkel-mergezik-a-fold-lakossagat-rendszerszinten-csokkentenek-le-a-lakossagot/	2022.02.19	21	463	2686	fn	True
fn512	Az emlőrákos szövetminták 99%-a parabént tartalmaz	https://www.tenyek-tevhitek.hu/paraben-es-mellrak.htm	2020.09.13	84	1326	8435	fn	True
fn513	A doktornő, aki meglátta a valóságot	https://mediaforras.com/a-doktorno-aki-meglatta-a-valosagot-511	2021.03.03	27	350	1927	fn	True
fn514	Nagyanyáink még tudták - hasznos lehet ma is	https://mediaforras.com/nagyanyaink-meg-tudtak-hasznos-lehet-ma-is-164	2020.07.27	17	270	1664	fn	True
fn515	Rák valódi oka, meggyógyulhatsz ha megérted a betegség okát	https://www.phytomint.hu/betegsegek/rak/rak-valodi-oka-meggyogyulhatsz-ha-megerted-a-betegseg-okat.html	2015.01.16	107	2029	12601	fn	True
fn519	Magyar gyógyszer BOTRÁNY	https://www.phytomint.hu/betegsegek/sziv-es-errendszer/magyar-gyogyszer-botrany.html	2014.07.30	54	841	5258	fn	True
fn521	Angyali segítség a fogyókúrádhoz!	https://www.phytomint.hu/hazi-praktikak/fogyokura/angyali-segitseg-a-fogyokuradhoz.html	2014.09.06	94	1079	5716	fn	True
fn525	Egy gyógyító kéztartás, ami megszünteti a fejfájást	https://fokusz.online/egy-gyogyito-keztartas-ami-megszunteti-a-fejfajast-122730	2020.07.23	29	401	2489	fn	True
fn530	Érelmeszesedés elleni elixír ami tényleg hat!	https://www.tudasfaja.com/erelmeszesedes-elleni-elixir-ami-tenyleg-hat/	2017.02.06	45	520	2951	fn	True
fn531	Hihetetlen, mit találtak az ember gyomrában: a röntgenfelvétel láttán az orvosok is ledöbbentek	https://femina.hu/egeszseg/targy-ember-gyomor-rontgen/	2019.10.21	7	138	890	ctrl	True
fn537	A felfázás eltérően sújthatja a nőket és a férfiakat	https://www.egeszsegkalauz.hu/betegsegek/noi-bajok/a-felfazas-elteroen-sujthatja-a-noket-es-a-ferfiakat/7qsv44y?sl_ps=d_3	2022.03.06	39	644	4006	ctrl	False
fn538	Nőnapi meglepetés intim mellékhatással – de szerencsére kéznél volt ez a szer! (x)	https://blikkruzs.blikk.hu/test-es-lelek/nonapi-meglepetes-intim-mellekhatassal-de-szerencsere-keznel-volt-ez-a-szer-x/egk825b	2022.03.04	38	724	4289	fn	True
fn540	Ne az egészségeden spórolj: így járt a lány, aki nem követte az orvosa utasítását	https://blikkruzs.blikk.hu/test-es-lelek/ne-az-egeszsegeden-sporolj-igy-jart-a-lany-aki-nem-kovette-az-orvosa-utasitasat/hf0139f	2022.03.06	22	443	2606	ctrl	True
fn541	A TÁPLÁLKOZÁS ÉS A BETEGSÉGEK KÖZÖTTI ÖSSZEFÜGGÉSEK – DR. TAMASI JÓZSEF ELMONDJA AZT, AMIT AZ EGÉSZSÉGÜGY SOHA NEM FOG	http://titkokszigete.hu/a-taplalkozas-es-a-betegsegek-kozotti-osszefuggesek-dr-tamasi-jozsef-elmondja-azt-amit-az-egeszsegugy-soha-nem-fog/		18	357	2065	fn	True
fn543	AZ EGÉSZSÉGIPAR CSAK TÜNETEKET KEZEL: BETEGSÉGGYÁRTÁS ZAJLIK, AZ ÉTELEKEN ÉS A GYÓGYSZEREKEN KERESZTÜL?!	http://titkokszigete.hu/az-egeszsegipar-csak-tuneteket-kezel-betegseggyartas-zajlik-az-eteleken-es-a-gyogyszereken-keresztul/		31	538	3194	fn	True
fn546	AGGASZTÓ, SÖTÉT DOLOG DERÜLT KI A NEGYEDIK OLTÁSRÓL – VÉGSŐ FIGYELMEZTETÉS	http://titkokszigete.hu/aggaszto-sotet-dolog-derult-ki-a-negyedik-oltasrol-vegso-figyelmeztetes/		13	277	1652	fn	True
fn549	NAPI 3 KÁVÉ MEGDÖBBENTŐ EGÉSZSÉGÜGYI HATÁSAIRA DERÜLT FÉNY: MAGYAR TUDÓSOK FELFEDEZÉSE!	http://titkokszigete.hu/napi-3-kave-megdobbento-egeszsegugyi-hatasaira-derult-feny-magyar-tudosok-felfedezese/		17	344	2244	fn	True
fn551	A WHO AZ OLTÁSOK BETILTÁSÁT KÖVETELI AZ ORSZÁGOKTÓL 2022 MÁSODIK FELÉIG…?	http://titkokszigete.hu/a-who-az-oltasok-betiltasat-koveteli-az-orszagoktol-2022-masodik-feleig/		17	311	1902	fn	True
fn553	A nagy gyógyszergyártók, a kormány, az egyházi vezetők letartóztatással néznek szembe, mivel a bíróság népirtásért ítélte el őket, betiltotta az injekciókat	https://www.napitema.com/2022/01/a-nagy-gyogyszergyartok-kormany-az.html?m=1&fbclid=IwAR1pBmrzEbmTQ2GdWSBz9_dT64YKi3_Qfl_w1g_IpFk8lSq9zzN-N76PRFM	2022.01.15	32	783	5148	fn	True
fn556	"Tanulmányok: Az intenzív osztályon ápolt betegek akár 88 százalékát is ""halálra lélegeztetik?"	https://www.napitema.com/2022/03/tanulmanyok-az-intenziv-osztalyon-apolt.html		9	185	1210	fn	True
fn558	Több mint 23 ezer német orvos lépett ki a népirtási kampányból!	https://www.napitema.com/2021/08/tobb-mint-23-ezer-nemet-orvos-lepett-ki.html		22	290	1709	fn	True
fn561	A titok, amit az orvosok utálnak, mert nincs már rájuk szükség, ha ismered!	https://www.tudnivalok.eu/a-titok-amit-az-orvosok-utalnak-mert-nincs-mar-rajuk-szukseg-ha-ismered/	2016.01.17	8	121	658	fn	True
fn564	57 éves vagyok, 12 kilót fogytam, megszabadultam az ödémától, és az ízületi fájdalmaktól! 1 pohárral ittam meg naponta ebből a keverékből!	https://www.tudasfaja.com/57-eves-vagyok-12-kilot-fogytam-megszabadultam-az-odematol-es-az-izuleti-fajdalmaktol/	2022.03.09	28	333	1840	fn	True
fn565	A hasa nőtt, a teszt is pozitív lett, de az ultrahang olyan dolgot mutatott, amire senki nem számított	https://www.tudasfaja.com/a-hasa-nott-a-teszt-is-pozitiv-lett-de-az-ultrahang-olyan-dolgot-mutatott-amire-senki-nem-szamitott/	2022.03.08	16	304	1785	ctrl	True
fn566	Nagy bajt jelez, ha nem tudod ezt a gyakorlatot végrehajtani	https://egyazegyben.com/nagy-bajt-jelez-ha-nem-tudod-ezt-a-gyakorlatot-vegrehajtani-124686	2021.07.26	11	238	1432	fn	True
fn567	DR. PAPP LAJOS KITÁLALT A CSIRKEHÚSRÓL: RETTENETES, GYOMORFORGATÓ, MINDENT TARTALMAZHAT	http://titkokszigete.hu/dr-papp-lajos-kitalalt-a-csirkehusrol-rettenetes-gyomorforgato-mindent-tartalmazhat/	2022.02.15	16	274	1603	fn	True
fn568	Egy neves román idegsebész állítása szerint 5 perc idegeskedés akár 6 órára is leállíthatja az immunrendszert	https://www.tudnivalok.eu/5-perc-idegeskedes-akar-6-orara-is-leallithatja-az-immunrendszert/	2018.11.01	24	462	2851	fn	True
fn569	MEGTALÁLTÁK A RÁK ELLENSZERÉT: ELPUSZTÍTJA A TUMORSEJTEKET ÉS AZ ÁTTÉTEKET EGY ÚJ MÓDSZER	http://titkokszigete.hu/megtalaltak-a-rak-ellenszeret-elpusztitja-a-tumorsejteket-es-az-atteteket-egy-uj-modszer/	2020.11.20	35	630	4050	fn	True
fn570	A szomszédom minden nap vesz babérlevelet a boltban, végre megtudtam mire használja! Csodálatos!	https://www.tudasfaja.com/a-szomszedom-minden-nap-vesz-baberlevelet-a-boltban-vegre-megtudtam-mire-hasznalja-csodalatos/	2022.03.08	36	422	2496	fn	True
fn571	Horkolástól szenvedsz? Próbáld ki ezt a módszert elalvás előtt és megoldja a problémád!	https://www.tudasfaja.com/horkolastol-szenvedsz-probald-ki-ezt-a-modszert-elalvas-elott-es/	2022.03.07	24	340	2004	fn	True
fn574	Na, ezt is megértük... A nikotinról kiderült, hogy egy sor súlyos problémán segíthet! A 8. igencsak meglepő!	http://eztnezd.net/na-ezt-is-megertuk-a-nikotinrol-kiderult-hogy-egy-sor-sulyos-probleman-segithet-a-8-igencsak-meglepo/		34	522	3185	fn	True
fn581	Egy új felfedezés a lábad méretéből megmondja, hogy meddig fogsz élni! Ha nem akarod tudni, ne kattints!	https://mindenegybenblog.com/?p=3566	2017.06.29	27	255	1094	fn	True
fn582	Egyetlen kanál ebből a szerből, és nincs több büdös száj, lyukas fog és gyulladás az ínyen!	https://mindenegybenblog.com/?p=1325	2017.01.21	21	272	1536	fn	True
fn583	Tedd a fokhagymát a csuklódra és figyeld mi történik! Zseniális ez a módszer!	https://m.minden-egyben.com/eletmod-egeszseg/tedd-a-fokhagymat-a-csuklodra-es-figyeld	2022.02.28	24	263	1592	fn	True
fn584	Egy 30 másodperces gyakorlat, ami a hosszú élet titka	https://fokusz.online/egy-30-masodperces-gyakorlat-ami-a-hosszu-elet-titka-113822	2018.12.14	17	358	2222	fn	True
fn585	Otthon elkészíthető természetes gyulladáscsökkentő ital	https://www.tudasfaja.com/otthon-elkeszitheto-termeszetes-gyulladascsokkento-ital/	2022.02.23	27	250	1640	fn	True
fn586	Bekentem az arcom lefekvés előtt ezzel a házi kencével, ezt nézd, ráncok nélkül ébredtem reggel!	https://www.tudasfaja.com/bekentem-az-arcom-lefekves-elott-ezzel-a-hazi-kencevel-ezt-nezd-rancok-nelkul-ebredtem-reggel/	2022.01.31	19	226	1265	fn	True
fn590	A rák és a nagalese molekula: aki ezt a kapcsolatot feltárta, az már rég halott!	https://avilagtitkai.com/articles/view/a-rak-es-a-nagalese-molekula-aki-ezt-a-kapcsolatot-feltarta-az-mar-reg-halott	2019.04.02	24	460	2713	fn	True
fn591	Betiltott c-vitamin: EZT titkolja előlünk a gyógyszeripar!	https://avilagtitkai.com/articles/view/betiltott-c-vitamin-ezt-titkolja-elolunk-a-gyogyszeripar	2019.01.15	42	613	4002	fn	True
fn592	6 rossz szokás, ami elpusztítja a vesédet – Hagyd abba, amíg még nem késő!	https://www.tudasfaja.com/6-rossz-szokas-ami-elpusztitja-a-vesedet-hagyd-abba-amig-meg-nem-keso/	2020.03.07	26	314	1968	fn	True
fn593	Szemészhez ment mert azt hitte szemüvegre van szűksége, ledöbbent, amikor megtudta mi a baja!	https://www.tudasfaja.com/szemeszhez-ment-mert-azt-hitte-szemuvegre-van-szuksege-ledobbent-amikor-megtudta/	2020.03.11	17	314	1932	fn	True
fn594	10 biztos jele annak, hogy a májad működése kezd leállni	https://www.tudasfaja.com/10-biztos-jele-annak-hogy-a-majad-mukodese-kezd-leallni/	2020.03.08	39	406	2356	fn	True
fn596	Megdőlni látszik, hogy egészséges a narancslé	https://www.legjava.pro/2018/04/megdolni-latszik-hogy-egeszseges.html		26	543	3403	fn	True
fn597	Megtagadta a kemoterápiát, és 102 évet élt – Íme a Titok!	https://www.legjava.pro/2018/03/megtagadta-kemoterapiat-es-102-evet-elt.html		42	464	2680	fn	True
fn598	Kutatók összefüggéseket találtak a klóros víz ivása és a rák között	https://www.legjava.pro/2018/04/kutatok-osszefuggeseket-talaltak-kloros.html		34	658	3866	fn	True
fn599	Erősebb, mint a legerősebb fájdalomcsillapítók, sokan azonban mégsem ismerik	https://fokusz.online/erosebb-mint-a-legerosebb-fajdalomcsillapitok-sokan-azonban-megsem-ismerik-123930	2021.01.24	29	383	2266	fn	True
fn600	Oltás után ne egye ezeket az ételeket: felerősíthetik a mellékhatásokat	https://fokusz.online/oltas-utan-ne-egye-ezeket-az-eteleket-felerosithetik-a-mellekhatasokat-124361	2021.05.09	34	650	4146	fn	True
fn601	Elég egy lázmérő, és kiderül, van-e pajzsmirigy problémánk	https://fokusz.online/eleg-egy-lazmero-es-kiderul-van-e-pajzsmirigy-problemank-124492	2021.06.04	16	277	1530	fn	True
fn602	Boldogkői Zsolt:ez még nem influenza, még nem dőlhet hátra a társadalom és jöhetnek az oltások!	http://titkokszigete.hu/boldogkoi-zsolt-ez-meg-nem-influenza-meg-nem-dolhet-hatra-a-tarsadalom-es-johetnek-az-oltasok/	2022.02.22	15	321	1862	ctrl	True
fn603	Megjött az omikron halálos, lopakodó változata, ami ellenáll a kezeléseknek is	http://titkokszigete.hu/megjott-az-omikron-halalos-lopakodo-valtozata-ami-ellenall-a-kezeleseknek-is/		17	300	1804	fn	True
fn604	Gazgóczi Ágnes bejelentése: jön az új variáns, oltakozni kell majd, vagy bezárunk	http://titkokszigete.hu/galgoczi-agnes-bejelentese-jon-az-uj-varians-oltakozni-kell-majd-vagy-bezarunk/		18	232	1301	fn	True
fn605	Rusvai Miklós szerint nincs már szükség oltásra és korlátozásokra	http://titkokszigete.hu/rusvai-miklos-szerint-nincs-mar-szukseg-oltasra-es-korlatozasokra/		15	262	1480	fn	True
fn607	Halálos koronavírus vírus végezhetett a dinoszauruszokkal, ahogyan az emberiséggel is fog?	http://titkokszigete.hu/halalos-koronavirus-virus-vegezhetett-a-dinoszauruszokkal-ahogyan-az-emberiseggel-is-fog/		13	251	1598	fn	True
fn608	"Tényleg a D-vitamin lehet a ""csodaszer"" a koronavírus ellen"	http://titkokszigete.hu/tenyleg-a-d-vitamin-lehet-a-csodaszer-a-koronavirus-ellen/		14	245	1587	fn	True
fn609	Ezeket a tüneteket 90%-ban az omikron okozza Magyarországon!	http://titkokszigete.hu/ezeket-a-tuneteket-90-ban-az-omikron-okozza-magyarorszagon/		14	251	1748	ctrl	True
fn610	Jégből jöhetnek az új járványok? A Covid csak valaminek az előfutára volt	http://titkokszigete.hu/jegbol-johetnek-az-uj-jarvanyok-a-covid-csak-valaminek-az-elofutara-volt/		18	326	2056	fn	True
fn611	NeoCoV: új világjárvány robbanhat ki 30%-os halálozással?	http://titkokszigete.hu/neocov-uj-vilagjarvany-robbanhat-ki-30-os-halalozassal/		15	353	2108	fn	True
fn613	A kemoterápia valójában fokozza a rák növekedését, a rákos sejtek ellenállóvá válnak a kezelésre: Tanulmány	https://ujvilagtudat.blogspot.com/2013/10/a-kemoterapia-valojaban-fokozza-rak.html?honnan=Nemzeti_Hirhalo		23	673	4108	fn	True
fn621	A német professzor 60 éve felfedezte a rák gyógymódját. Azóta titkolják!	https://egyazegyben.com/a-nemet-professzor-60-eve-felfedezte-a-rak-gyogymodjat-azota-titkoljak-66968	2017.07.01	58	893	5508	fn	True
fn630	20 évet fiatalodik a lábad, ha elkészíted ezt a 3 összetevős receptet!	https://www.tudasfaja.com/20-evet-fiatalodik-a-labad-ha-elkeszited-ezt-a-3-osszetevos/	2022.03.07	17	227	1167	fn	True
fn632	Így jelentkezhet a cukorbetegség külső jelekkel, amikről mindenkinek tudnia kell!	https://www.tudasfaja.com/igy-jelentkezhet-a-cukorbetegseg-kulso-jelekkel-amikrol-mindenkinek-tudnia-kell/	2022.03.15	52	632	3683	ctrl	True
fn633	Ha stresszes életet élsz, ez a 7 betegség előbb, utóbb kijön rajtad	https://www.tudasfaja.com/ha-stresszes-eletet-elsz-ez-a-7-betegseg-elobb-utobb-kijon-rajtad/	2022.03.15	23	298	1893	fn	True
fn634	Szőrösödés, kellemetlen testszag, álmatlanság? 8 gyanús jel nőknél, ami komoly betegségre utal!	https://www.tudasfaja.com/szorosodes-kellemetlen-testszag-almatlansag-8-gyanus-jel-noknel/	2022.03.11	25	253	1654	fn	True
fn635	Ezt teszi a szilva szervezeten belül. Ha ezt hamarabb tudtuk volna…	https://www.tudasfaja.com/meg-a-jotekony-szilvat/	2022.03.11	34	580	3470	fn	True
fn640	Napok alatt végzett a rákkal az tesztalanyokon kipróbált új kezelés: vége a rák korának	http://titkokszigete.hu/napok-alatt-vegzett-a-rakkal-az-tesztalanyokon-kiprobalt-uj-kezeles-vege-a-rak-koranak/		19	316	2008	fn	True
fn641	Ezért zárták el a világ elől a kannabisz gyógymódot, mely rengeteg betegség ellenszere lehetne	http://titkokszigete.hu/ezert-zartak-el-a-vilag-elol-a-kannabisz-gyogymodot-mely-rengeteg-betegseg-ellenszere-lehetne/		30	576	3668	fn	True
fn643	Rájöttek, hová “párolog el” a lélek a halál pillanatában	http://titkokszigete.hu/putyin-a-mai-nyugat-mocskos-civilizacioja-felulmulja-az-okori-roma-zullott-tarsadalmat/		36	804	5144	fn	True
fn645	Ez a molekula lehet a rák ellenszere: áttörésről számoltak be a tudósok	http://titkokszigete.hu/ez-a-molekula-lehet-a-rak-ellenszere-attoresrol-szamoltak-be-a-tudosok/		16	452	2775	fn	True
fn653	HIHETETLEN FELFEDEZÉS! RÁK, SOKKAL KÖNNYEBBEN ÉSZLELHETŐ, MINT KORÁBBAN	https://hu.koshachek.com/articles/hihetetlen-felfedezes-rak-sokkal-konnyebben.html		19	353	2384	fn	True
fn659	MINDENKI TÚLÉLI A FIZIKAI TEST HALÁLÁT!	https://minden-egyben.com/eletmod-egeszseg/mindenki-tuleli-a-fizikai-test-halalat	2014.05.12	134	2502	15271	fn	True
fn662	Meg van a rák ellenszere (Recept)	https://minden-egyben.com/eletmod-egeszseg/meg-van-a-rak-ellenszere-recept	2014.11.13	24	387	2310	fn	True
fn668	Majdnem meghalt szívrohamban az eltömődött artériák miatt, de ez az ital segített!	https://www.tudasfaja.com/majdnem-meghalt-szivrohamban-az-eltomodott-arteriak-miatt-de-ez-az-ital-segitett/	2017.02.18	24	230	1268	fn	True
fn669	Naponta viselsz arany ékszert? Ezekre a veszélyekre kell figyelned	https://fokusz.online/naponta-viselsz-arany-ekszert-ezekre-a-veszelyekre-kell-figyelned-118213	2019.11.23	16	303	1914	fn	True
fn671	A professzor azt állítja, hogy az emberek 70 százaléka ebbe a tévedésbe hal bele!	https://fokusz.online/a-professzor-azt-allitja-hogy-az-emberek-70-szazaleka-ebbe-a-tevedesbe-hal-bele-118278	2019.11.27	33	568	3313	fn	True
fn672	Egy elfelejtett csodaszer	https://www.phytomint.hu/hazi-praktikak/gyogyszer-helyett/egy-elfelejtett-csodaszer.html	2016.09.01	19	269	1607	fn	True
fn673	A cukorbetegség kezelése	https://www.phytomint.hu/betegsegek/cukorbetegseg/a-cukorbetegseg-kezelese.html	2014.08.02	83	1476	9794	ctrl	True
fn674	Megvéd az infarktustól és a sztróktól, kimossa az artériákat	https://www.phytomint.hu/hazi-praktikak/gyogyszer-helyett/megved-az-infarktustol-es-a-sztroktol-kimossa-az-arteriakat.html	2018.08.09	22	355	2077	fn	True
fn677	Az emlőrákos szövetminták 99%-a parabént tartalmaz	https://mediaforras.com/az-emlorakos-szovetmintak-99-a-parabent-tartalmaz-235	2020.09.13	15	287	6521	fn	True
fn678	Körlevél egy nyugdíjas háziorvostól	https://mediaforras.com/korlevel-egy-nyugdijas-haziorvostol-289	2020.10.30	75	1110	6749	fn	True
fn679	Dr Lenkei Gábor: “A gyógyszer az a gyomirtó.”	https://www.tudasfaja.com/dr-lenkei-gabor-a-gyogyszer/	2017.03.14	84	762	3933	fn	True
fn680	5 halálos betegség nőknél, ami veszélyesebb, mint a rák	https://www.tudasfaja.com/5-halalos-betegseg-noknel-ami-veszelyesebb-mint-a-rak/	2022.02.17	14	177	1085	fn	True
fn681	Neked is szokott izzadni a homlokod? 3 rejtett betegség, ami a túlzott izzadás hátterében húzódik!	https://www.tudasfaja.com/neked-is-szokott-izzadni-a-homlokod-3-rejtett-betegseg-ami-a-tulzott-izzadas-hattereben-huzodik/	2022.02.23	33	527	3421	fn	True
fn682	Figyeld a székleted – Ha ezt tapasztalod, nagyon nagy a baj!	https://www.tudasfaja.com/figyeld-a-szekleted-ha-ezt-tapasztalod-nagyon-nagy-a-baj/	2022.03.01	78	1214	7551	ctrl	True
fn683	Ha ezt tapasztalod a férjeden, azonnal küldd orvoshoz!	https://www.tudasfaja.com/ha-ezt-tapasztalod-a-ferjeden-azonnal-kuldd-orvoshoz/	2022.03.07	27	392	2267	ctrl	True
fn684	Bőrviszketéssel kezdődik, majd így folytatódik a súlyos betegség	https://www.tudasfaja.com/borviszketessel-kezdodik-majd-igy-folytatodik-a-sulyos-betegseg/	2022.03.19	25	326	2096	fn	True
fn685	A menstruáció és a szívroham kapcsolata, amiről az orvosod nem beszélt neked!	https://www.tudasfaja.com/a-menstruacio-es-a-szivroham-kapcsolata-amirol-az-orvosod-nem-beszelt-neked/	2022.03.20	15	297	1814	fn	True
fn686	A szívroham korai jelei. Nem árt tudni róluk már egészen fiatal korban is!	https://www.tudasfaja.com/a-szivroham-korai-jelei-nem-art-tudni-roluk-mar-egeszen-fiatal/	2022.03.19	31	279	1656	fn	True
fn687	A rák 4 legkorábbi jele a nőknél, amiről sokan nem vesznek tudomást	https://www.tudasfaja.com/a-rak-4-legkorabbi-jele-a-noknel-amirol-sokan-nem-vesznek-tudomast/	2022.03.20	17	292	1683	fn	True
fn689	150 RÁKKELTŐ VEGYI ANYAG AZ ÚJRAHASZNOSÍTOTT PALACKOS ITALOKBAN: RÁKJÁRVÁNYT OKOZHATNAK	http://titkokszigete.hu/150-rakkelto-vegyi-anyag-az-ujrahasznositott-palackos-italokban-rakjarvanyt-okozhatnak/		13	267	1807	fn	True
fn690	AZ OLAJ ÉS A DOLLÁR ELLENSZERE: TÉNYEK, AMIK MIATT ELLEHETETLENÍTETTÉK A KANNABISZT!	http://titkokszigete.hu/az-olaj-es-a-dollar-ellenszere-tenyek-amik-miatt-ellehetetlenitettek-a-kannabiszt/		58	565	3087	fn	True
fn692	JORDAN PETERSON: A 21. SZÁZAD MENTÁLIS PANDÉMIÁJA FOGJA MEGÖLNI A CIVILIZÁCIÓT	http://titkokszigete.hu/jordan-peterson-a-21-szazad-mentalis-pandemiaja-fogja-megolni-a-civilizaciot/		11	178	1112	fn	True
fn693	A KANNABISZOLAJ GYÓGYÍTJA AZ AGYDAGANATOT? KÍSÉRLETI ALANYOKON SIKERÜLT ELÉRNI A “CSODÁT”	http://titkokszigete.hu/a-kannabiszolaj-gyogyitja-az-agydaganatot-kiserleti-alanyokon-sikerult-elerni-a-csodat/		53	1328	8374	fn	True
fn697	VÉGRE EGY ÉRTELMES ÍRÁS : ELGONDOLKODTATÓ… MIÉRT NEM BESZÉL SENKI ERRŐL A JÁRVÁNY KAPCSÁN?!	http://titkokszigete.hu/vegre-egy-ertelmes-iras-elgondolkodtato-miert-nem-beszel-senki-errol-a-jarvany-kapcsan/		24	632	3832	fn	True
fn698	A VILÁG LEGEGÉSZSÉGESEBB ITALA: VÉR ÉS ÉRTISZTÍTÓ, ÉS VÉD A RÁKTÓL	http://titkokszigete.hu/a-vilag-legegeszsegesebb-itala-ver-es-ertisztito-es-ved-a-raktol/		19	249	1434	fn	True
fn699	Orvostörténeti krimi: halálos találmányok	https://www.hazipatika.com/eletmod/tudomanyos_erdekessegek/cikkek/orvostorteneti_krimi_halalos_talalmanyok/20191211130102	2019.12.17	90	1639	9854	ctrl	True
fn700	Vizelési problémák és kezelésük férfiaknál (x)	https://www.hazipatika.com/napi_egeszseg/ferfi_problemak/cikkek/vizelesi_problemak_es_kezelesuk_ferfiaknal/20220228122206	2022.02.28	54	735	5024	ctrl	True
fn701	Megnéztük, miért nem szeretik az emberek a vaspótlókat (x)	https://www.hazipatika.com/napi_egeszseg/belgyogyaszat/cikkek/megneztuk_miert_nem_szeretik_az_emberek_a_vaspotlokat/20220222093455	2022.03.01	39	738	4887	ctrl	True
fn702	Eláruljuk a drága bolti aloe vera gél receptjét! Készítsd el magad, csodát tesz az egészségeddel!	https://tudnodkell.info/elaruljuk-a-draga-bolti-aloe-vera-gel-receptjet-keszitsd-el-magad-csodat-tesz-az-egeszsegeddel/	2022.03.19	13	277	1713	fn	True
fn703	Amiről szinte senki nem tud – Ezért tegyél hagymát a nyakadra!	https://tudnodkell.info/amirol-szinte-senki-nem-tud-ezert-tegyel-hagymat-a-nyakadra/	2022.03.18	15	283	1693	fn	True
fn704	Ennek a fűszernövénynek a szagolgatása 75%-kal javíthatja a memóriádat!	https://tudnodkell.info/ennek-a-fuszernovenynek-a-szagolgatasa-75-kal-javithatja-a-memoriadat/	2022.03.16	19	359	2349	fn	True
fn705	Sok embernek vannak ilyen kinövései, de ezt senki nem tudja mi áll a háttérben!	https://tudnodkell.info/sok-embernek-vannak-ilyen-kinovesei-de-ezt-senki-nem-tudja-mi-all-a-hatterben/	2022.03.13	16	221	1273	fn	True
fn706	Ha te is leszeded a csirke bőrét, hatalmas hibát követsz el! Eláruljuk miért!	https://tudnodkell.info/ha-te-is-leszeded-a-csirke-boret-hatalmas-hibat-kovetsz-el-elaruljuk-miert/	2022.03.13	17	250	1452	fn	True
fn709	10 rákkeltő étel, amit a szakemberek szerint kerülnie kéne mindenkinek!	https://avilagtitkai.com/articles/view/10-rakkelto-etel-amit-a-szakemberek-szerint-kerulnie-kene-mindenkinek?category=egeszseg	2022.01.10	52	620	3728	fn	True
fn710	Hamarosan vérvizsgálattal is kimutathatják az autizmust	https://netextra.hu/hamarosan-vervizsgalattal-is-kimutathatjak-az-autizmust/		14	274	1736	ctrl	True
fn711	Fél óra alatt kimutatja a rákot egy új technológia	https://netextra.hu/fel-ora-alatt-kimutatja-a-rakot-egy-uj-technologia/		10	189	1165	fn	True
fn712	Itt a valóság – szívférgesség!	https://netextra.hu/itt-a-valosag-szivfergesseg/		45	579	3388	ctrl	True
fn714	Csak 1 dologra van szükséged, hogy megszabadulj a megereszkedett szemhéjtól!	https://tudnodkell.info/csak-1-dologra-van-szukseged-hogy-megszabadulj-a-megereszkedett-szemhejtol/	2022.03.19	13	206	1284	fn	True
fn715	Egy nagy bajtól megmenekülhet a világ: Megtalálhatták a megoldást az antibiotikum-rezisztens betegség ellen	https://vilagfigyelo.com/egy-nagy-bajtol-megmenekulhet-a-vilag-megtalalhattak-a-megoldast-az-antibiotikum-rezisztens-betegseg-ellen/#docst		15	353	2427	fn	True
fn717	Rákot okozhat a koronavírus egyik szövődménye: figyelmeztetnek a tudósok	http://titkokszigete.hu/rakot-okozhat-a-koronavirus-egyik-szovodmenye-figyelmeztetnek-a-tudosok/	2022.03.23	13	225	1546	ctrl	True
fn720	Bill Gates GMO szúnyogjai tarolhatják le a világot: a tudósok egy része figyelmeztet	http://kimondottigazsagok.com/bill-gates-gmo-szunyogjai-tarolhatjak-le-a-vilagot-a-tudosok-egy-resze-figyelmeztet/?fbclid=IwAR2PxP7LrkWy4Pq4Il1Sk_T86HhDwax84AW0nZa_Rg0ZqphmMnBdb12qrEQ		13	228	1343	fn	True
fn721	Újfajta halálos vírus terjed Kínában: a WHO riadóztat, magas a halálozási arány!	http://kimondottigazsagok.com/ujfajta-halalos-virus-terjed-kinaban-a-who-riadoztat-magas-a-halalozasi-arany/		19	331	1939	fn	True
fn723	Te is fogyasztod gyerekkorod óta a töpörtyűt és semmi bajod nem volt tőle? Nem fogod elhinni, mit mondanak róla a szakértők!	http://eztnezd.net/te-is-fogyasztod-gyerekkorod-ota-a-toportyut-es-semmi-bajod-nem-volt-tole-nem-fogod-elhinni-mit-mondanak-rola-a-szakertok-2/		11	198	1245	fn	True
fn724	1/4 teáskanál szerecsendiót kevertem egy pohár vízbe… Sosem gondoltam volna, hogy ez tényleg segíthet!	https://www.tudasfaja.com/1-4-teaskanal-szerecsendiot-kevertem-egy-pohar-vizbe-sosem-gondoltam-volna-hogy-ez-tenyleg-segithet/	2022.03.23	25	196	1207	fn	True
fn726	A GYÖMBÉR 10.000-SZER ERŐSEBB ÉS HATÉKONYABB, MINT A KEMÓ: CSAK A RÁKOS SEJTEKET PUSZTÍTJA EL, MELLÉKHATÁSOK NÉLKÜL	http://titkokszigete.hu/a-gyomber-10-000-szer-erosebb-es-hatekonyabb-mint-a-kemo-csak-a-rakos-sejteket-pusztitja-el-mellekhatasok-nelkul/		30	484	3127	fn	True
fn729	EGÉSZSÉGTERMÉSZET PATIKÁJA Dobd a turmixgépbe ezt a 6 dolgot, egy hét alatt megtisztul a májad!	https://www.tudasfaja.com/dobd-a-turmixgepbe-ezt-a-6-dolgot-egy-het-alatt-megtisztul/	2022.03.22	20	212	1178	fn	True
fn730	Betiltják a cigit Európában: a lavina hozzánk is elérhet? Van esély rá!	https://www.netbulvar.eu/betiltjak-a-cigit-europaban-a-lavina-hozzank-is-elerhet-van-esely-ra/	2022.03.24	19	308	1711	fn	True
fn732	5 hónapunk van hátra és kihal a Magyar !	https://www.pokolafoldon.hu/pandemia/5-honapunk-van-hatra-es-kihal-a-magyar	2022.03.21	4	35	200	fn	True
fn733	Közzétett dokumentumok megerősítik, hogy a Moderna hozta létre a Covid-19 vírust	https://www.pokolafoldon.hu/pandemia/kozzetett-dokumentumok-megerositik-hogy-a-moderna-hozta-letre-a-covid-19-virust	2022.03.14	112	2257	13797	fn	True
fn734	Mennyire néznek hülyének minket?	https://www.pokolafoldon.hu/pandemia/mennyire-neznek-hulyenek-minket	2022.09.01	103	1607	9705	fn	True
fn735	A beoltott embereket valós időben nyomon követik	https://www.pokolafoldon.hu/pandemia/a-beoltott-embereket-valos-idoben-nyomon-kovetik	2021.06.21	41	653	3791	fn	True
fn736	Minden beoltott ősszel elkezd meghalni	https://www.pokolafoldon.hu/pandemia/minden-beoltott-osszel-elkezdi-meghalni	2021.05.21	175	2705	16785	fn	True
fn737	A vakcina egy számítógép által generált program / ÖRDÖG ÜGYVÉD	https://www.pokolafoldon.hu/pandemia/a-vakcina-egy-szamitogep-altal-generalt-program	2021.05.06	55	1068	6080	fn	True
fn738	BIZONYÍTÉK: a SARS-COV-2 nem létező vírus, a COVID-19 nem koronavírus	https://www.pokolafoldon.hu/pandemia/bizonyitek-a-sars-cov-2-nem-letezo-virus-a-covid-19-nem-koronavirus	2021.10.08	83	1890	12084	fn	True
fn739	Hogyan szabaduljunk meg a grafénoxidtól	https://www.pokolafoldon.hu/eletstilus/hogyan-szabaduljunk-meg-a-grafenoxidtol	2021.12.12	53	793	4938	fn	True
fn741	Kómába esett, majd felébredt, és elmesélte, milyen volt a túlvilág! Látta a mennyországot!	https://vilagfigyelo.com/komaba-esett-majd-felebredt-es-elmeselte-milyen-volt-a-tulvilag-latta-a-mennyorszagot/#docst		31	516	2826	fn	True
fn742	Forradalmi rákgyógyszer Svájcból: soha többé nem ad áttétet egyetlen rákfajta sem és a daganat növekedése is megáll	https://vilagfigyelo.com/forradalmi-rakgyogyszer-svajcbol-soha-tobbe-nem-ad-attetet-egyetlen-rakfajta-sem-es-a-daganat-novekedese-is-megall/#docst		21	450	2874	fn	True
fn743	Tudományos áttöréssel állították le a legagresszívebb rákot – megvan a rettegett betegség Achilles-ina	https://vilagfigyelo.com/tudomanyos-attoressel-allitottak-le-a-legagresszivebb-rakot-megvan-a-rettegett-betegseg-achilles-ina/#docst		16	332	1970	fn	True
fn744	Rákbiznisz: túl nagy veszteség lenne a gyógyszergyáraknak a valódi rákgyógymód – minden a pénzen múlik!	https://vilagfigyelo.com/rakbiznisz-tul-nagy-veszteseg-lenne-a-gyogyszergyaraknak-a-valodi-rakgyogymod-minden-a-penzen-mulik/#docst		22	438	2740	fn	True
fn745	A munkám az, hogy nőknek segítsek szülni, de megtiltották	https://www.alternativhirek.com/2022/01/a-munkam-az-hogy-noknek-segitsek-szulni.html		81	1671	9149	fn	True
fn746	Globális emberkísérlet az 5G sugárzás bevezetése – Senki nem tudja mi lesz a következménye	https://vilagfigyelo.com/globalis-emberkiserlet-az-5g-sugarzas-bevezetese-senki-nem-tudja-mi-lesz-a-kovetkezmenye/#docst		92	1805	11874	fn	True
fn748	Jakab Ferenc: újabb halálos vírus jelent meg Magyarországon: újabb világjárványt okozhat	http://kimondottigazsagok.com/jakab-ferenc-ujabb-halalos-virus-jelent-meg-magyarorszagon-ujabb-vilagjarvanyt-okozhat/		20	335	2046	fn	True
fn749	"Vírus-diktátorok és zsarnokok iskolája: A háttérhatalom Great Reset tervének végrehajtását ezen ""Fiatal Globális"" politikusokra bízták - Klaus Schwab inkubátorából"	https://www.alternativhirek.com/2021/11/virus-diktatorok-es-zsarnokok-iskolaja.html?m=1		97	2891	18588	fn	True
fn751	Így készíthetsz otthon természetes keveréket a cukorbetegség tüneteinek enyhítésére!	https://www.tudasfaja.com/igy-keszithetsz-otthon-termeszetes-kevereket-a-cukorbetegseg-tuneteinek-enyhitesere/	2022.03.06	21	264	1479	fn	True
fn752	Nyomd meg ezt a 2 pontot a lábadon, nem hiszel majd a szemednek mi történik	https://www.tudasfaja.com/nyomd-meg-ezt-a-2-pontot-a-labadon-nem-hiszel-majd-a-szemednek-mi-tortenik/	2022.02.07	19	361	2210	fn	True
fn753	Csak 2 hozzávaló az egész és 15 perc alatt megszűnik az ízületi fájdalom	https://www.tudasfaja.com/csak-2-hozzavalo-az-egesz-es-15-perc-alatt-megszunik-az-izuleti-fajdalom/	2022.02.07	20	351	2084	fn	True
fn754	Ha összekevered ezt a 3 dolgot örökre búcsút mondhatsz a visszérnek és a duzzanatoknak!	https://www.tudasfaja.com/ha-osszekevered-ezt-a-3-dolgot-orokre-bucsut-mondhatsz-a-visszernek-es-a-duzzanatoknak/	2022.02.01	20	261	1626	fn	True
fn755	60 éves vagyok, és ez a növény visszaadta a látásom, eltávolította a zsírt a májamról, és teljesen megtisztította a beleimet	https://www.tudasfaja.com/visszaadta-a-latasom-eltavolitotta-a-zsirt-a-majamrol-es-teljesen-megtisztitotta-a-beleimet/	2022.01.22	28	366	2056	fn	True
fn757	Tekerd alufóliába a lábad, egy óra múlva te is meg fogsz lepődni a hatásán!	https://www.tudasfaja.com/tekerd-alufoliaba-a-labad-egy-ora-mulva-te-is-meg-fogsz-lepodni-a-hatasan/	2021.10.24	23	278	1602	fn	True
fn758	Így csökkentsd a magas vérnyomást 10 másodperc alatt!	https://www.tudasfaja.com/igy-csokkentsd-a-magas-vernyomast-10-masodperc-alatt/	2021.07.21	29	432	2730	fn	True
fn759	Így távolíthatod el másodpercek alatt a fogkövet!	https://www.tudasfaja.com/igy-tavolithatod-el-masodpercek-alatt-a-fogkovet/	2021.04.07	20	291	1821	fn	True
fn760	Így szabadulhatsz meg az orrdugulástól 25 másodperc alatt	https://www.tudasfaja.com/igy-szabadulhatsz-meg-az-orrdugulastol-25-masodperc/	2020.10.08	19	260	1507	fn	True
fn761	Ha ezt a két élelmiszert száműzöd az étrendedből, tíz évvel is tovább élhetsz	https://www.life.hu/egeszseg/20220324-ha-ezt-a-ket-elemiszert-szamuzod-az-etrendedbol-tiz-evvel-is-tovabb-elhetsz.html	2022.03.24	11	192	1227	fn	True
fn762	"Egy budapesti dermatológiai klinika szakembere szerint: "" A körömgomba megfertőzi a vért és nekrózist okoz. Van megoldás, de nem mindenki számára megfelelő."""	https://exodermin.com/hu/full/prelp/v8/index.html?country=HU&click_id=4029769294&subid=61552gxmy5mm7i4929&utm_source=run.adnow&hash=3b2b624a-ab31-48d2-9451-478bd4f05ef7		171	2150	13240	fn	True
fn763	- “Le kellett vágnunk a katonák lábát.” A bőrgyógyászat egyik ismert szakembere a láb- és körömgomba veszélyéről beszélt, és arról, hogy miért csak a hadsereg rendelkezik modern módszerekkel a gombás fertőzések kezelésére.	https://a1.rchconsirr.xyz/KdVDTY?cost=0.056&currency=rub&creative_id=1644129&ad_campaign_id=260205&source=54939-99893&category=9	2022.03.01	149	1606	9414	fn	True
fn764	Az erek ily módon történő megtisztítása után az idős embereknek nem megy fel a vérnyomásuk és megszűnik további 9, állítólag „gyógyíthatatlan” betegség!	https://a3.playleathe.xyz/HsFzsr?cost=0.056&currency=rub&creative_id=1644119&ad_campaign_id=260212&source=54939-99893&category=9	2022.03.19	199	1995	11855	fn	True
fn765	PARAZITÁK ÁLTAL KIVÁLTOTT PAPILLÓMÁK A SZERVEZETBEN!	https://etyjetj.newbloglifes.com/?sid1=1a371f608477e9ef2ae5ac8432babf5a-5906-0326&camp=&user=kuzev#		108	1393	8576	fn	True
fn766	Vigyázat, egyre gyorsabban terjed a kórság! Ha ilyen foltot lát magán azonnal ellenőrizze a környezetét.	https://fokusz.online/vigyazat-egyre-gyorsabban-terjed-a-korsag-ha-ilyen-foltot-lat-magan-azonnal-ellenorizze-a-kornyezetet-118394	2019.12.01	24	451	2913	ctrl	True
fn768	Három adag kell az omikron ellen a Pfizer/BioNTech-vakcinából	http://eztnezdmeg.com/harom-adag-kell-az-omikron-ellen-a-pfizer-biontech-vakcinabol/		9	259	1760	ctrl	False
fn769	A koronavírus után maradt antitestek megtámadhatják az egészséges szöveteket	http://eztnezdmeg.com/a-koronavirus-utan-maradt-antitestek-megtamadhatjak-az-egeszseges-szoveteket/		15	375	2450	ctrl	True
fn770	Tedd ezt a nyelved alá lefekvés előtt! Csodákra képes: soha többé nem ébredsz kimerülten	https://www.minden-egyben.com/hirek/tedd-ezt-a-nyelved-ala-lefekves-elott-3	2019.08.24	18	169	924	fn	True
fn771	A magas vérnyomásban szenvedők élete további 10 évvel meghosszabbodhat - Európában kedvezményes program indult egy új magas vérnyomás elleni készítményre!	https://ttsmwffh.bloghealthup.com/	2022.03.19	114	1385	8397	fn	True
fn772	Sokkoló hivatalos beismerés kutatóktól: Az 5G sugárzás tényleg koronavírust hozhat létre az emberi szervezetben	https://www.alternativhirek.com/2020/07/sokkolo-hivatalos-beismeres-kutatoktol.html		19	344	2246	fn	True
fn773	Számos gyerek rákos megbetegedése után a szülők az iskola mellett lévő mobilátjátszó-torony sugárzását teszik felelőssé	https://www.alternativhirek.com/2019/04/szamos-gyerek-rakos-megbetegedese-utan.html		16	308	1869	fn	True
fn777	Tényleg ezt műveli a gyomrunkban a kóla? Bizarr kísérletet végeztek, videóra vették a kémiai horrort!	https://vilagfigyelo.com/tenyleg-ezt-muveli-a-gyomrunkban-a-kola-bizarr-kiserletet-vegeztek-videora-vettek-a-kemiai-horrort/		17	280	1743	fn	True
fn780	A Google már azt is megmondja mikor fogunk meghalni	https://vilagfigyelo.com/a-google-mar-azt-is-megmondja-mikor-fogunk-meghalni/#docst		20	415	2748	ctrl	True
fn781	Ijesztő felfedezés: már az eső is tele van mikroműanyaggal – rákkeltő anyagok hullanak a lakosságra világszerte	https://vilagfigyelo.com/ijeszto-felfedezes-mar-az-eso-is-tele-van-mikromuanyaggal-rakkelto-anyagok-hullanak-a-lakossagra-vilagszerte/		15	241	1559	fn	True
fn782	Radírozz aszpirint a talpadba és nem hiszel a szemednek mi történik a lábaddal	https://www.tudasfaja.com/radirozz-aszpirint-a-talpadba-es-nem-hiszel-a-szemednek-mi-tortenik-a-labaddal/	2022.03.28	30	294	1750	fn	True
fn783	A póréhagyma gyógyító ereje, ami te sem ismersz!	https://www.tudasfaja.com/a-porehagyma-gyogyito-ereje-ami-te-sem-ismersz/	2022.03.28	20	256	1550	fn	True
fn784	Íme, egy hatékony gyógymód cukorbetegség, és szívbetegség ellen, ami segít, hogy ne élj gyógyszerekkel!	https://www.tudasfaja.com/ime-egy-hatekony-gyogymod-cukorbetegseg-es-szivbetegseg-ellen-ami-segit-hogy-ne-elj-gyogyszerekkel/	2022.03.28	14	277	1557	fn	True
fn785	Gargarizálj minden reggel ezzel az olajjal és mindenki kíváncsi lesz a titkodra!	https://www.tudasfaja.com/gargarizalj-minden-reggel-ezzel-az-olajjal-es-mindenki-kivancsi-lesz-a-titkodra/	2022.03.27	22	215	1437	fn	True
fn786	Gyakran fáj a gyomrod, puffadsz? Az alábbi 5 módszer gyógyszer nélkül segít megszüntetni a fájdalmat!	https://www.tudasfaja.com/gyakran-faj-a-gyomrod-puffadsz-az-alabbi-5-modszer-gyogyszer-nelkul-segit-megszuntetni-a-fajdalmat/	2022.03.27	21	225	1368	fn	True
fn787	Mindig gondjaim voltak a repedezett sarkakkal, de ez a módszer megoldotta a problémám!	https://www.tudasfaja.com/mindig-gondjaim-voltak-a-repedezett-sarkakkal-de-ez-a-modszer-megoldotta-a/	2022.03.27	14	215	1214	fn	True
fn788	Kiváló fogfehérítő, légtisztító, méregtelenít, a legjobb sampon… Te tudod mi ez?	https://www.tudasfaja.com/kivalo-fogfeherito-legtisztito-meregtelenit-a-legjobb-sampon-te-tudod-mi-ez/	2022.03.26	33	503	3091	fn	True
fn789	10 kevésbé ismert jele, hogy baj van a pajzsmirigyeddel	https://www.tudasfaja.com/10-kevesbe-ismert-jele-hogy-baj-van-a/	2022.03.26	36	475	2993	fn	True
fn791	Az első figyelmeztető jelek, hogy epeköved van	https://www.tudasfaja.com/az-elso-figyelmezteto-jelek-hogy-epekoved-van/	2022.03.27	17	231	1486	ctrl	True
fn792	Világító okosmaszk jelzi a fertőzöttséget	https://www.netbulvar.eu/vilagito-okosmaszk-jelzi-a-fertozottseget/?amp=1&fbclid=IwAR2rPxbUDsrg-AgJMrjditLlJ6oWQYredBwWlf0C8Yu0yXuhwBwBFHPHGaE		15	235	1453	ctrl	False
fn793	ROSSZ SZOKÁSOK, AMIKKEL TÖNKRETESSZÜK A VESÉNKET	https://netextra.hu/rossz-szokasok-amikkel-tonkretesszuk-a-vesenket/?fbclid=IwAR2Vehd6g7oJGX4zTEX8C2Y39Y2htvCOFJeacMmzLGIB4QdOcCkEphR3igs		32	422	2500	ctrl	True
fn794	EZEK A CUKORBETEGSÉG JELEI	https://netextra.hu/ezek-cukorbetegseg-jelei/?fbclid=IwAR2jEDoBFnEs4kyQFlMNLQA93b_YGouyHqyUf0qNxrnpLy0UJ2Q9C36PkbM		35	449	2700	ctrl	True
fn795	TÖBB MAJOM IS ELPUSZTULT A VAKCINA TESZTJÉN, MÉGIS KIPRÓBÁLTÁK CSECSEMŐKÖN	https://netextra.hu/tobb-majom-elpusztult-vakcina-tesztjen-megis-kiprobaltak-csecsemokon/?fbclid=IwAR1f7gPkuSi3IvDgO6AS4I6-36NSm8vi8qfFnM3Ijk_k0XgxwcFWGLtLBFs		18	409	2350	fn	True
fn796	2 napos kúra a belek, vesék és a máj méregtelenítésére, amiért a szervezeted hálás lesz!	https://www.tudasfaja.com/2-napos-kura-a-belek-vesek-es-a-maj-meregtelenitesere/	2022.03.30	65	529	3145	fn	True
fn797	8 trükk, amivel 10 perc alatt csökkentheted a vérnyomásodat	https://www.tudasfaja.com/8-trukk-amivel-10-perc-alatt-csokkentheted-a-vernyomasodat/	2022.03.30	41	447	2514	fn	True
fn798	Fáj a fejed? Akkor egyél mazsolát!	https://egyazegyben.com/faj-a-fejed-akkor-egyel-mazsolat-125804?fbclid=IwAR0wDmnPPJ_yoSA3gOX3JI1RQGr5vdPqcShWALJlalgG-HhoTMS1IlNCjew	2022.03.12	10	202	1218	fn	True
fn799	Tisztítja a májat, javítja a látást és serkenti a hasnyálmirigy működését ez a csodás ital	https://egyazegyben.com/tisztitja-a-majat-javitja-a-latast-es-serkenti-a-hasnyalmirigy-mukodeset-ez-a-csodas-ital-125654?fbclid=IwAR1u-SYD1VBNwJ5mSoNi323v2mblTz-4z1Dez6OIRFL_C67YlblSL0HjWIc	2022.01.27	25	314	2012	fn	True
fn802	Az európai ízületek kezelési módszerei egyáltalán nem tűnnek kényelmesnek. A híres japán reumatológus nyílt interjút adott a magyar szerkesztőknek	https://bestnfas.com/dir1/?subid=e3424h9sylpa38nb1c&utm_source=taboola#		137	1827	11513	fn	True
fn803	Gyömbérrel a rák gyógyításáért – olyan hatékony, mint a kemoterápia	https://drtihanyi.com/betegsegek/rak/gyomberrel-a-rak-gyogyitasaert-olyan-hatekony-mint-a-kemoterapia	2015.01.21	20	508	3328	fn	True
fn804	10 egészséges ivólé a rák ellen	https://drtihanyi.com/betegsegek/rak/10-egeszseges-ivole-a-rak-ellen?bsgs=5	2014.02.18	61	787	5057	fn	True
fn805	Libidónövelés és rákmegelőzés Cordyceps gyógygombával?	https://drtihanyi.com/kategoria/cordyceps-gyogygomba/libidonoveles-es-rakmegelozes-cordyceps-gyogygombaval	2013.09.09	19	367	2441	fn	True
fn806	1200-szor gyorsabban pusztítja ez a gyógynövény a rákot, mint más	https://illuzio.cafeblog.hu/2016/02/15/1200-szor-gyorsabban-pusztitja-ez-a-gyogynoveny-a-rakot-mint-mas/	2016.02.15	83	1315	8039	fn	True
fn807	Márta életét pozitív irányba változtatták meg a gyógygombák	https://vargagyogygomba.hu/hu/filmek/marta-eletet-pozitiv-iranyba-valtoztattak-meg-a-gyogygombak		5	144	946	fn	True
fn808	Növekvő antibiotikum rezisztencia: fokozódó veszélyek és megoldási lehetőségek	https://vargagyogygomba.hu/hu/cikkek/novekvo-antibiotikum-rezisztencia-fokozodo-veszelyek-es-megoldasi-lehetosegek		15	319	2174	fn	True
fn809	4 csodálatos bibliai gyógynövény a rák ellen	https://www.csodapatika.com/4-csodalatos-bibliai-gyogynoveny-a-rak-ellen/	2021.12.22	42	650	4447	fn	True
fn812	A WHO lerakta a globális egészségügyi diktatúra sarokkövét	https://mediaforras.com/a-who-lerakta-a-globalis-egeszsegugyi-diktatura-sarokkovet-1469	2022.03.27	19	359	2406	fn	True
fn813	GRAFÉN A VAKCINÁKBAN	https://koronaigazsaga.eoldal.hu/cikkek/leleplezo/grafen-a-vakcinakban.html	2022.02.11	62	734	5302	fn	True
fn814	Eltitkolt gyógyszer a 3%-os Hidrogén-peroxid	https://egeszsegter.hu/cikk/687/eltitkolt-gyogyszer-a-3-os-hidrogen-peroxid#gsc.tab=0		54	799	5123	fn	True
fn815	Az ezüstkolloid néhány perc alatt elpusztíthatja a kórokozókat!	https://egeszsegter.hu/cikk/1489/az-ezustkolloid-nehany-perc-alatt-elpusztithatja-a-korokozokat#gsc.tab=0		72	783	5182	fn	True
fn816	Hidrogén-peroxid hatása - Sejtszintű oxigénhiány ellen	https://naturmagazin.hu/hidrogen-peroxid-hatasa/	2016.11.03	59	1231	8106	fn	True
fn817	3 nap alatt kitakarítja a tüdőd ez a keverék: Dohányosoknak fejlesztette ki egy orvos	https://www.netbulvar.eu/3-nap-alatt-kitakaritja-a-tudod-ez-a-keverek-dohanyosoknak-fejlesztette-ki-egy-orvos/		16	172	946	fn	True
fn818	FILLÉRES ZÖLDSÉG, AMI FEGYVER A TÜDŐRÁK ELLEN IS, MÉGSEM ESZED!	https://www.netbulvar.eu/filleres-zoldseg-ami-fegyver-a-tudorak-ellen-is-megsem-eszed/		19	322	1950	fn	True
fn819	CSUPÁN EGY BANÁN SZÜKSÉGES, ÉS A KÖHÖGÉS VARÁZSÜTÉSRE MEGSZŰNIK	https://www.netbulvar.eu/csupan-egy-banan-szukseges-es-a-kohoges-varazsutesre-megszunik/		14	209	1194	fn	True
fn820	Nézd, hogy tűnnek el a betegségek a lábadon keresztül!	https://www.netbulvar.eu/nezd-hogy-tunnek-el-a-betegsegek-a-labadon-keresztul/		22	238	1311	fn	True
fn821	Ez a lé feltámasztja a halottakat is, és mindössze 2 perc elkészíteni! Minden nap iszom!	https://www.netbulvar.eu/ez-a-le-feltamasztja-a-halottakat-is-es-mindossze-2-perc-elkesziteni-minden-nap-iszom/		22	274	1589	fn	True
fn833	Rossz hír: ez a sűrűn felírt gyógyszer gyomorrákot okozhat	https://nyugdijasok.hu/rossz-hir-ez-a-surun-felirt-gyogyszer-gyomorrakot-okozhat-75364	2022.03.29	6	109	690	fn	True
fn834	A gyomorfekély természetes gyógymódjai!	https://nyugdijasok.hu/a-gyomorfekely-termeszetes-gyogymodjai-125856	2022.03.24	57	1149	6994	fn	True
fn835	Fáj a fejed? Akkor egyél mazsolát!	https://nyugdijasok.hu/faj-a-fejed-akkor-egyel-mazsolat-125805	2022.03.12	10	202	1218	fn	True
fn836	A PfizerGate-botrány: A kormányok világszerte adatokat rejtegetnek, hogy álcázzák azt a tényt, hogy a Covid-oltások károsítják az immunrendszert és AIDS-t okoznak	https://www.pokolafoldon.hu/pandemia/a-pfizergate-botrany	2022.03.27	152	2392	17606	fn	True
fn837	"Ahogyan azt sokan megmondták, végtelenné válik azoknak a wuhani koronavírus (COVID-19) ""vakcináknak"" a száma, amelyeket a kormányok az emberek szervezetébe akarnak beadni."	https://www.pokolafoldon.hu/pandemia/oltasok-mindorokke-anglia-bevezeti-az-otodik-covid-oltast	2022.03.31	26	650	3934	fn	True
fn838	Lépjünk túl a rákon: az mRNS-injekciók világszerte újjáélesztik a HIV/AIDS-et, miközben számos AIDS-kutató hirtelen és rejtélyes módon meghal	https://www.pokolafoldon.hu/pandemia/lepjunk-tul-a-rakon-az-mrns-injekciok-vilagszerte-ujjaelesztik-a-hiv-aids-et-mikozben-szamos-aids-kutato-hirtelen-es-rejtelyes-modon-meghal	2022.03.29	180	2973	17951	fn	True
fn839	COVID oltástól millióknál alakul ki AIDS	https://www.pokolafoldon.hu/pandemia/covid-oltastol-millioknal-alakul-ki-aids	2022.03.28	37	656	4000	fn	True
fn840	Az elme képes rá, hogy meggyógyítsa a testet	https://egyazegyben.com/a-feketekomeny-minden-betegsegre-gyogyir-125599	2022.01.14	21	296	1920	fn	True
fn843	Csodaszer! Pár nap alatt teljesen kipucolja a szervezetedet, kiűzi a méreganyagokat és fogysz is	https://blikkruzs.blikk.hu/test-es-lelek/egeszseg/csodaszer-par-nap-alatt-teljesen-kipucolja-a-szervezetedet-kiuzi-a-mereganyagokat-es/13gjs6g	2017.07.06	20	276	1649	fn	True
fn844	Kipróbáltam ezt a házi csodaszert, kétszer annyi hajam lett tőle! Nem lesz másra szükséged, csak egy kis banánra és sörre	http://eztnezd.net/kiprobaltam-ezt-a-hazi-csodaszert-ketszer-annyi-hajam-lett-tole-nem-lesz-masra-szukseged-csak-egy-kis-bananra-es-sorre/		21	256	1462	fn	True
fn845	Itt a recept! Tibeti szerzetesek csodaitala, ettől teljesen megfiatalodik a szervezeted	https://blikkruzs.blikk.hu/test-es-lelek/egeszseg/itt-a-recept-tibeti-szerzetesek-csodaitala-ettol-teljesen-megfiatalodik-a-szervezeted/04snw8j	2018.11.02	20	324	1866	fn	True
fn846	Ez a csodaszer kitisztítja az ereket, csökkenti a koleszterinszintet és erősíti az immunrendszert is	https://blikkruzs.blikk.hu/test-es-lelek/egeszseg/ez-a-csodaszer-kitisztitja-az-ereket-csokkenti-a-koleszterinszintet-es-erositi-az/s0d67h5	2019.04.06	23	213	1257	fn	True
fn847	Mutatunk két házi csodaszert, a visszerekre. Megnyugtatja a lábakat és enyhíti a fájdalmat	https://blikkruzs.blikk.hu/eletmod/egeszseg/visszer-csodaszer-lab-hazi-csodaszer/7je3w66	2021.05.13	16	213	1183	fn	True
fn848	EZ A HÁZI CSODASZER ÖRÖKRE SZÁMŰZI AZ IZOM- ÉS ÍZÜLETI FÁJDALMAKAT, GYULLADÁSOKAT	https://kiskegyed.blikk.hu/testunk-lelkunk/ez-a-hazi-csodaszer-orokre-szamuzi-az-izom-es-izuleti-fajdalmakat-gyulladasokat/yjw974j	2019.09.24	17	240	1490	fn	True
fn849	150 évet ígér az új csodaszer	https://www.blikk.hu/aktualis/150-evet-iger-az-uj-csodaszer/remkn6q	2011.10.19	6	152	966	fn	True
fn850	Tudta? Ezért dugjunk fokhagymát a fülünkbe!	https://www.blikk.hu/eletmod/egeszseg/tudta-ezert-dugjunk-fokhagymat-a-fulunkbe/6d8391v	2016.02.02	17	263	1610	fn	True
fn851	Szilva vs. Rák	https://www.phytomint.hu/hazi-praktikak/gyogyszer-helyett/szilva-vs-rak.html	2014.08.11	71	902	5631	fn	True
fn852	Almaecet vs. Diabétesz	https://www.phytomint.hu/hazi-praktikak/gyogyszer-helyett/almaecet-vs-diabetesz.html	2014.08.11	28	389	2503	fn	True
fn854	Amerikai ügyvéd: A COVID mRNS vakcinák használata népirtásnak minősül	https://magyartudat.com/amerikai-ugyved-a-covid-mrns-vakcinak-hasznalata-nepirtasnak-minosul/		12	185	1123	fn	True
fn855	Ha rákot diagnosztizálnának nálam, ezeken változtatnék! EGY ORVOS ŐSZINTE SZAVAI, amit mindenkinek érdemes megszívlelni!	https://elmenyorszag.com/ha-rakot-diagnosztizalnanak-nalam-ezeken-valtoztatnek-egy-orvos-oszinte-szavai-amit-mindenkinek-erdemes-megszivlelni-125912?fbclid=IwAR3pJGz6_H54JuDUyF77fALESpcmh2ZkswA2rZOywFLylD8cMjfJiIewHeU	2022.03.28	19	193	1154	fn	True
fn856	60 éve találta meg a rák gyógymódját egy német orvosnő, de azóta sem hozták nyilvánosságra. Vajon miért?	https://elmenyorszag.com/60-eve-talalta-meg-a-rak-gyogymodjat-egy-nemet-orvosno-de-azota-sem-hoztak-nyilvanossagra-vajon-miert-125960?fbclid=IwAR1JxE1lIhxmA6wHVGRg0BVuqdM4bEIRxfQyzm4JoNkCwVcSHsCYHvvBm3A	2022.03.31	33	553	3262	fn	True
fn857	Évi 1,5 millió doboznyi írnak fel belőle a háziorvosok. Kiderült, hogy teljesen hatástalan!	https://elmenyorszag.com/evi-1-5-millio-doboznyi-irnak-fel-belole-a-haziorvosok-kiderult-hogy-teljesen-hatastalan-125955	2022.03.30	13	264	1645	fn	True
fn858	Egy orosz tudós beadott magának egy Szibériában talált 3,5 millió éves baktériumot, ami megdöbbentő eredménnyel járt	https://elmenyorszag.com/egy-orosz-tudos-beadott-maganak-egy-sziberiaban-talalt-3-5-millio-eves-bakteriumot-ami-megdobbento-eredmennyel-jart-120213	2021.09.29	29	585	3641	fn	True
fn859	Csak egy lázmérő kell hozzá, és a pajzsmirigyműködés problémáit te magad is észlelheted	https://elmenyorszag.com/csak-egy-lazmero-kell-hozza-es-a-pajzsmirigymukodes-problemait-te-magad-is-eszlelheted-125915	2022.03.28	16	281	1579	fn	True
fn861	Dr. Johanna Budwig diétája I. A rákos sejtek gyilkosa	https://elmenyorszag.com/dr-johanna-budwig-dietaja-i-a-rakos-sejtek-gyilkosa-125958	2022.03.30	146	2375	13854	fn	True
fn862	Rákos betegeknek fejlesztették ki ezt a levet, de még jobb, ha megelőzésként naponta iszol belőle!	https://elmenyorszag.com/rakos-betegeknek-fejlesztettek-ki-ezt-a-levet-de-meg-jobb-ha-megelozeskent-naponta-iszol-belole-125862	2022.03.25	23	232	1302	fn	True
fn863	Elegendő 7 évente megismételni, olyan hatással tisztítja ki az érrendszert!	https://www.tudasfaja.com/elegendo-7-evente-megismetelni-olyan-hatassal-tisztitja-ki-az-errendszert/	2022.04.04	28	410	2038	fn	True
fn864	Heti 3-szor ebbe áztatta a lábát, gyulladásai megszűntek, a vérnyomása pedig beállt	https://www.tudasfaja.com/heti-3-szor-ebbe-aztatta-a-labat-gyulladasai-megszuntek-a-vernyomasa-pedig-beallt/	2022.04.04	15	180	1055	fn	True
fn865	Így tisztíthatod ki a beleidből a több kiló méreganyagot megvonások nélkül!	https://www.tudasfaja.com/igy-tisztithatod-ki-a-beleidbol-a-tobb-kilo-mereganyagot-megvonasok-nelkul/	2022.04.04	18	231	1429	fn	True
fn866	A cukorbetegség 10 furcsa tünete, amiről csak nagyon kevesen tudnak!	https://www.tudasfaja.com/a-cukorbetegseg-10-furcsa-tunete-amirol-csak-nagyon-kevesen-tudnak/	2022.04.03	37	455	2948	ctrl	True
fn867	Így szabadulj meg a benőtt körömtől rövid időn belül, fájdalommentesen!	https://www.tudasfaja.com/igy-szabadulj-meg-a-benott-koromtol-rovid-idon-belul-fajdalommentesen/	2022.04.03	35	421	2407	fn	True
fn868	Állandó fáradtság, rossz látás, súlygyarapodás? Egyetlen vitamin hiánya okozhatja a problémát!	https://www.tudasfaja.com/allando-faradtsag-rossz-latas-sulygyarapodas-egyetlen-vitamin-hianya-okozhatja-a-problemat/	2022.04.03	29	298	1904	fn	True
fn869	Gyömbéres víz – Ha megtudod mire képes, te is inni kezded!	https://www.tudasfaja.com/gyomberes-viz-ha-megtudod-mire-kepes-te-is-inni-kezded/	2022.04.03	42	314	1913	fn	True
fn870	Ne gondold, hogy kövér vagy, ha csak a hasad duzzadt! Íme az okok és amit tehetsz ellene!	https://www.tudasfaja.com/ne-gondold-hogy-kover-vagy-ha-csak-a-hasad-duzzadt/	2022.04.03	23	266	1520	fn	True
fn871	Fagyaszd le a citromot még ma, mert megmentheti az életed!	https://www.tudasfaja.com/fagyaszd-le-a-citromot-meg-ma-mert-megmentheti-az-eleted/	2022.04.02	14	229	1335	fn	True
fn872	Fáj a hátad? Csak 2 mozdulat az egész és még a legerősebb fájdalomtól is megszabadulhatsz!	https://www.tudasfaja.com/faj-a-hatad-csak-2-mozdulat-az-egesz-es-meg-a-legerosebb-fajdalomtol/	2022.04.02	12	177	964	fn	True
fn875	Hihetetlen: Egy év múlva teljesen gyógyítható lesz a rák	https://noizz.hu/tech/hihetetlen-egy-ev-mulva-teljesen-gyogyithato-lesz-a-rak/vge3pq2	2019.01.31	16	271	1724	fn	True
fn877	Hihetetlen! Jégkrémmel a rák ellen?	https://wellandfit.hu/wellness/2009-11/hihetetlen_jegkremmel_a_rak_ellen/		13	204	1449	fn	True
fn879	Hihetetlen gyógyulás! Agresszív áttétes rákot győzött le a 3 gyerekes anyuka	https://www.life.hu/eletmod/20170523-hihetetlen-gyogyulas-agressziv-attetes-rakbol-gyogyult-ki-a-3-gyerekes-anyuka.html	2017.05.25	43	689	4042	fn	True
fn882	Nagyon vigyázz! Vakságot okozhat, ha lefekvés előtt telefonozol!	https://kiskegyed.blikk.hu/testunk-lelkunk/nagyon-vigyazz-vaksagot-okozhat-ha-lefekves-elott-telefonozol/qtqs9hp	2016.06.28	11	187	1064	fn	True
fn884	A hasmenés szezonja úton van - Vigyázz, vigyázz, anyák !!	https://hu.mooreshaven.com/contribution-diarrhoea-season-is-on-the-way-beware-and-take-care-mothers-9862		36	400	2186	fn	True
fn885	6 étel, amit szigorúan tilos fogyasztani egy pajzsmirigy betegnek	https://www.tudasfaja.com/6-etel-amit-szigoruan-tilos-fogyasztani-egy-pajzsmirigy-betegnek/	2022.03.24	23	283	1806	fn	True
fn889	Maga a csoda: tartsd a kezed ebben a pózban, csodálatos dolog következik majd!	https://www.tudasfaja.com/maga-a-csoda-tartsd-a-kezed-ebben-a-pozban-csodalatos-dolog-kovetkezik-majd/	2022.03.31	24	273	1649	fn	True
fn890	Tégy egy Vörös Fonalat a bal csuklódra, úgy működik, mint a modern orvostudomány gyógymódjai!	https://www.tudasfaja.com/tegy-egy-voros-fonalat-a-bal-csuklodra-ugy-mukodik-mint-a-modern-orvostudomany-gyogymodjai/	2022.04.02	16	290	1612	fn	True
fn892	Te felismernéd? Jelek, amik vérrögképződésre utalnak	https://www.tudasfaja.com/te-felismerned-jelek-amik-verrogkepzodesre-utalnak/	2022.04.06	51	529	3649	ctrl	False
fn893	Rendszeresen fogyasztottam póréhagymát. Hihetetlen, de ez történt a testemmel!	https://tudnodkell.info/rendszeresen-fogyasztottam-porehagymat-hihetetlen-de-ez-tortent-a-testemmel/?fbclid=IwAR0AUJjpQr4iIRQapw9s3dGlTDg9PzGgC7-H2DN3ObqMgNK741K8s46lUrE	2022.03.29	18	278	1772	fn	True
fn894	Dr. Lenkei Gábor szerint ez a rák valódi oka. Ha ezt tudnák az emberek, senki nem lenne beteg!	https://www.napiujsag.hu/2018/01/dr-lenkei-gabor-szerint-ez-rak-valodi.html?m=1		27	481	2647	fn	True
fn895	Botrány: kitudódott a rákipar féltve őrzött titka: ebben majdnem mindenki benne van? (1. oldal)	https://www.minden-egyben.com/ezoterika-a-vilag-rejtett-oldala/botrany-kitudodott-a-rakipar-feltve	2018.11.26	17	280	1728	fn	True
fn896	” Kiderült az igazság?! A koronavírus szörnyű titka: 6 milliárd ember végzete “….	https://tulelesblog.wordpress.com/2021/03/19/kiderult-az-igazsag-a-koronavirus-szornyu-titka-6-milliard-ember-vegzete/	2021.03.19	48	864	5128	fn	True
fn897	Egy houstoni orvos rájött, hogy miként lehet a rákból kigyógyulni, de mégsem erről szólnak a hírek! Mit gondoltok, vajon miért?	https://filantropikum.com/egy-houstoni-orvos-rajott-hogy-mikent-lehet-a-rakbol-kigyogyulni-de-megsem-errol-szolnak-a-hirek-mit-gondoltok-vajon-miert/	2015.08.15	15	386	2511	fn	True
fn903	5 környezeti veszély terhesség alatt, amelyekről tudnia kell	https://hu.mooreshaven.com/environmental-hazards-during-pregnancy-004d4d4d4d0a8-4d00a0a		74	790	4999	fn	True
fn906	Az Egyesült Királyság kormánya elismeri, hogy a Covid oltóanyag génterápia	https://www.pokolafoldon.hu/pandemia/az-egyesult-kiralysag-kormanya-elismeri-hogy-a-covid-oltoanyag-genterapia	2022.04.01	67	1478	9699	fn	True
fn908	Az amerikai mély állam madarakat használ a biológiai hadviseléshez és a C-19 terjesztéséhez, közölte Oroszország az ENSZ-szel!	https://www.pokolafoldon.hu/pandemia/az-amerikai-mely-allam-madarakat-hasznal-a-biologiai-hadviseleshez-es-a-c-19-terjesztesehez-kozolte-oroszorszag-az-ensz-szel	2022.03.27	11	244	1598	fn	True
fn909	Az egyik legnagyobb kihívásunk az lesz, hogy túléljük a vakcina-zombi apokalipszist	https://www.pokolafoldon.hu/pandemia/az-egyik-legnagyobb-kihivasunk-az-lesz-hogy-tuleljuk-a-vakcina-zombi-apokalipszist	2022.01.08	68	1529	9208	fn	True
fn910	"Az amerikai pilóta azt mondja, hogy a kollégái ""hullanak, mint a legyek a mellkasi fájdalomtól"" a kovid-19 oltás után"	https://www.pokolafoldon.hu/pandemia/az-amerikai-pilota-azt-mondja-hogy-a-kollegai-hullanak-mint-a-legyek-a-mellkasi-fajdalomtol-a-kovid-19-oltas-utan	2022.01.07	17	308	1829	fn	True
fn911	A gyerekek az oltástól halnak meg és nem a COVID miatt	https://www.pokolafoldon.hu/pandemia/a-gyerekek-az-oltastol-halnak-meg-es-nem-a-covid-miatt	2022.01.04	54	1261	8070	fn	True
fn912	A Covid lopakodó globális elnéptelenedési terve részletesen elmagyarázva	https://www.pokolafoldon.hu/pandemia/a-covid-lopakodo-globalis-elneptelenedesi-terve-reszletesen-elmagyarazva	2021.11.25	42	1055	6832	fn	True
fn916	Miracle Drink a rák ellenszere	https://www.phytomint.hu/hazi-praktikak/gyogyszer-helyett/miracle-drink-a-rak-ellenszere.html	2014.10.01	28	266	1544	fn	True
fn918	10 házi praktika a magas koleszterinszint kezelésére	https://www.phytomint.hu/hazi-praktikak/gyogyszer-helyett/10-hazi-praktika-a-magas-koleszterinszint-kezelesere.html	2014.10.13	89	1241	7644	fn	True
fn919	Házilag elkészíthető krém az ízületi fájdalmak gyógyítására	https://www.phytomint.hu/hazi-praktikak/gyogyszer-helyett/hazilag-elkeszitheto-krem-az-izuleti-fajdalmak-gyogyitasara.html	2015.08.20	24	300	1845	fn	True
fn920	AlphaXYZ - Az agy Viagrája	https://www.phytomint.hu/hazi-praktikak/gyogyszer-helyett/alphaxyz-az-agy-viagraja.html	2015.09.13	72	1289	7909	fn	True
fn921	Magas vérnyomás percek alatt orvosolható	https://www.phytomint.hu/hazi-praktikak/gyogyszer-helyett/magas-vernyomas-percek-alatt-orvosolhato.html	2016.02.06	27	328	1942	fn	True
fn924	Bill Gates - Kisgyermekek vénájába genetikailag módosított organizmusokat (GMO) injekciózni? 2015-ben beszélt erről!	https://www.alternativhirek.com/2020/05/bill-gates-kisgyermekek-venajaba.html		16	165	1010	fn	True
fn926	Ha ingadozik a vérnyomásod nem csak a gyógyszer használ	https://elmenyorszag.com/ha-ingadozik-a-vernyomasod-nem-csak-a-gyogyszer-hasznal-126115	2022.04.10	17	133	741	fn	True
fn927	5 módszer - Ha fáj a fogad, a gyógyszerek helyett ezeket próbáld ki!	https://elmenyorszag.com/5-modszer-ha-faj-a-fogad-a-gyogyszerek-helyett-ezeket-probald-ki-126111	2022.04.10	24	270	1770	fn	True
fn932	Az orvos hihetetlen hipotézise. Nézze meg, mi történhet veled, ha nem hagyja abba a dohányzást	https://hu.koshachek.com/articles/az-orvos-hihetetlen-hipotezise.html		17	219	1309	fn	True
fn934	Elismerték sajnos hivatalosan is – rákkeltő anyag van a csirkehúsban – ezt találták benne!	http://eztnezd.net/elismertek-sajnos-hivatalosan-is-rakkelto-anyag-van-a-csirkehusban-ezt-talaltak-benne/		16	249	1503	fn	True
fn936	“Arra képeztek ki minket, hogy félretájékoztassunk” – borította a bilit egy gyógyszeripari ügynök	http://kimondottigazsagok.com/arra-kepeztek-ki-minket-hogy-felretajekoztassunk-boritotta-a-bilit-egy-gyogyszeripari-ugynok/?fbclid=IwAR1UZoLSHDcmyOsd2R61GrAMl-3Y5s01VFnLhOECtYYiXmuBmHohTorQsoI		35	723	4604	fn	True
fn937	A WHO valamennyi emlékeztető oltás program leállítását követeli 2022 végéig?	http://kimondottigazsagok.com/a-who-valamennyi-emlekezteto-oltas-program-leallitasat-koveteli-2022-vegeig/		24	496	3023	fn	True
fn940	A grafén-oxid minden oltóanyagban két lábon járó időzített bombává teszi az oltottakat	https://www.pokolafoldon.hu/pandemia/a-grafen-oxid-minden-oltoanyagban-ket-labon-jaro-idozitett-bombava-teszi-az-oltottakat	2021.07.26	72	1887	11588	fn	True
fn941	Rohanás a halál tűjéhez	https://www.pokolafoldon.hu/pandemia/rohanas-a-halal-tujehez	2021.09.09	30	563	3207	fn	True
fn942	Elismerik, hogy a vakcinák károsítják a duplán beoltottak természetes immunrendszerét	https://www.pokolafoldon.hu/pandemia/elismerik-hogy-a-vakcinak-karositottak-a-duplan-beoltottak-termeszetes-immunrendszeret	2021.12.23	15	295	1942	fn	True
fn943	Az orvosok nem is tudják! Emberek milliói nyelik le a VENOM-ból származó gyógyszereket	https://www.pokolafoldon.hu/blog/az-orvosok-nem-is-tudjak-emberek-millioi-nyelik-le-a-venom-bol-szarmazo-gyogyszereket	2022.04.19	84	1808	11604	fn	True
fn945	Tiszta vérűekre fognak VADÁSZNI a rendőrök	https://www.pokolafoldon.hu/pandemia/tiszta-veruekre-fognak-vadaszni-a-rendorok	2022.02.11	29	659	4135	fn	True
fn946	Megvan a rák ellenszere? új eszköz “robbantotta szét” a májdaganatot	http://kimondottigazsagok.com/megvan-a-rak-ellenszere-uj-eszkoz-robbantotta-szet-a-majdaganatot/		17	316	1987	ctrl	False
fn947	Rusvai Miklós: ősszel ideje lesz újra oltakozni!	http://kimondottigazsagok.com/rusvai-miklos-osszel-ideje-lesz-ujra-oltakozni/		13	289	1756	fn	True
fn948	Ismeretlen eredetű kórokozó fertőzi a gyermekeket: kiadtál a riasztást!	http://kimondottigazsagok.com/ismeretlen-eredetu-korokozo-fertozi-a-gyermekeket-kiadtal-a-riasztast/		10	235	1595	fn	True
fn949	Bill Gates bejelentette: jönnek jövőbeli mesterséges járványok és apokalipszist okozhatnak	http://kimondottigazsagok.com/bill-gates-bejelentette-jonnek-jovobeli-mesterseges-jarvanyok-es-apokalipszist-okozhatnak/		14	292	1802	fn	True
fn952	Folyamatosan nő a harmadik oltás mellékhatásainak száma: kiadták a közleményt	http://kimondottigazsagok.com/folyamatosan-no-a-harmadik-oltas-mellekhatasainak-szama-kiadtak-a-kozlemenyt/		8	186	1156	ctrl	False
fn953	Jön egy újabb világjárvány, Gates ettől is meg akarja menteni az emberiséget	http://kimondottigazsagok.com/jon-egy-ujabb-vilagjarvany-gates-ettol-is-meg-akarja-menteni-az-emberiseget/		13	280	1714	fn	True
fn954	53 éves nőt fiatalítottak 23 évessé egy új molekulával: megvan az örök fiatalság titka!	http://kimondottigazsagok.com/53-eves-not-fiatalitottak-23-evesse-egy-uj-molekulaval-megvan-az-orok-fiatalsag-titka/		18	386	2333	fn	True
fn955	Tele van uránnal az ivóvíz: megkongatták a vészharangot	http://kimondottigazsagok.com/tele-van-urannal-az-ivoviz-megkongattak-a-veszharangot/		19	328	2166	fn	True
fn956	Több ezren betegedhettek meg rákban a kaliforniai csapvíztől egy megdöbbentő tanulmány szerint	https://vilagfigyelo.com/tobb-ezren-betegedhettek-meg-rakban-a-kaliforniai-csapviztol-egy-megdobbento-tanulmany-szerint/#docst		11	250	1629	ctrl	False
fn960	Elismerték sajnos hivatalosan is – rákkeltő anyag van a csirkehúsban – ezt találták benne!	https://tudnodkell.info/elismertek-sajnos-hivatalosan-is-rakkelto-anyag-van-a-csirkehusban-ezt-talaltak-benne/	2022.04.17	10	216	1315	fn	True
fn962	http://titkokszigete.hu/a-hangok-es-a-dns-kapcsolata-orvostudomanyos-forradalom-johet/	http://titkokszigete.hu/a-hangok-es-a-dns-kapcsolata-orvostudomanyos-forradalom-johet/		68	1547	9180	fn	True
fn963	30 EZER ÉVES EMBERRE IS VESZÉLYES VÍRUST TALÁLTAK OROSZ TUDÓSOK A JÉGBE FAGYVA	http://titkokszigete.hu/30-ezer-eves-emberre-is-veszelyes-virust-talaltak-orosz-tudosok-a-jegbe-fagyva/		13	248	1469	fn	True
fn964	TUDOMÁNY NEM NYÚJTANAK ELÉG VÉDELMET AZ OLTÁSOK AZ OMIKRON ELLEN: ŐSZRE ÚJRA KELL OLTANIA TÁRSADALMAT?!	http://titkokszigete.hu/nem-nyujtanak-eleg-vedelmet-az-oltasok-az-omikron-ellen-oszre-ujra-kell-oltania-tarsadalmat/		17	359	2115	fn	True
fn966	A hasnyálmirigyrák trükkös jelei, amiket nehéz felismerni idejében	https://www.tudasfaja.com/a-hasnyalmirigyrak-trukkos-jelei-amiket-nehez-felismerni-idejeben/	2022.04.19	43	481	2921	ctrl	False
fn967	Soha ne felejtsd el: A zsarnokok 2 évre bezártak minket, erőszakkal gyógyszereztek és tönkretették a megélhetésünket.	https://www.pokolafoldon.hu/pandemia/soha-ne-felejtsd-el-a-zsarnokok-2-evre-bezartak-minket-eroszakkal-gyogyszereztek-es-tonkretettek-a-megelhetesunket	2022.04.17	41	1057	6434	fn	True
fn968	AZ EGÉSZSÉGÜGY SÖTÉT OLDALA: 10 BŰN, AMI A FEHÉR KÖPENYES ORVOSTÁRSADALOM LELKÉN SZÁRAD	http://titkokszigete.hu/az-egeszsegugy-sotet-oldala-10-bun-ami-a-feher-kopenyes-orvostarsadalom-lelken-szarad/		75	1371	8404	fn	True
fn970	ÁDÁM, MINT ELSŐ LOMBIKBÉBI? ŐSI IDEGEN TEREMTÉS EREDMÉNYEI VAGYUNK – ÁLLÍTJÁK A SUMER SZÖVEGEK	http://titkokszigete.hu/adam-mint-elso-lombikbebi-osi-idegen-teremtes-eredmenyei-vagyunk-allitjak-a-sumer-szovegek/		57	1359	7974	fn	True
fn971	833 sportoló szívmegállás és súlyos problémák, 540 halott, Covid injekciót követően	https://www.pokolafoldon.hu/pandemia/833-sportolo-szivmegallas-es-sulyos-problemak-540-halott-covid-injekciot-kovetoen	2022.04.08	44	834	4825	fn	True
fn972	12 ember süket, öt vak a Pfizer BioNTech mRNS felvétele után	https://www.pokolafoldon.hu/pandemia/12-ember-suket-ot-vak-a-pfizer-biontech-mrns-felvetele-utan	2021.02.20	16	293	1857	fn	True
fn973	DR. LENKEI: “AZ EGÉSZSÉGKULTÚRA TÖBB MINT 100 ÉVE TARTÓ TUDATOS ROMBOLÁSA ZAJLIK.”	http://titkokszigete.hu/dr-lenkei-az-egeszsegkultura-tobb-mint-100-eve-tarto-tudatos-rombolasa-zajlik/?fbclid=IwAR2kzCp4x9GQU8_oSKhq2un1hnL97EBUD84rhnDqCiUW5eszLpFPd1FfmEc		21	286	1721	fn	True
fn974	HATÓSÁGI TÚLKAPÁSNAK MINŐSÍTETTÉK A KÖTELEZŐ MASZKVISELÉS BEVEZETÉSÉT: VÉGRE KIMONDTÁK?!	http://titkokszigete.hu/hatosagi-tulkapasnak-minositettek-a-kotelezo-maszkviseles-bevezeteset-vegre-kimondtak/?fbclid=IwAR1bzaVL7HIeoAOavNF4sl6JCsqcV90Djrzyr9cY1Zt8isVYfahtbsl2QmQ		14	259	1793	fn	False
fn976	DAGANATOS SZÖVETEKKEL TELI HALAK ÉS TENGERI ÉLŐLÉNYEKET DOLGOZ FEL AZ ÉLELMISZERIPAR: RÁKOS HÚST ESZÜNK?!	http://titkokszigete.hu/daganatos-szovetekkel-teli-halak-es-tengeri-elolenyeket-dolgoz-fel-az-elelmiszeripar-rakos-hust-eszunk/?fbclid=IwAR2oXINNjFHZZJpwvc0PzMy4Og8XdJCSfHml9STTHu1tWNnrsL369_6abYk		28	461	2747	fn	False
fn977	A vakcina egy lopakodó fegyver Kiemelt	https://www.pokolafoldon.hu/pandemia/a-vakcina-egy-lopakodo-fegyver	2021.02.13	14	274	1606	fn	False
fn978	A COVID-19-es betegek agyszövetének elvesztése: Tanulmány	https://www.pokolafoldon.hu/pandemia/a-covid-19-es-betegek-agyszovetenek-elvesztese-tanulmany	2021.06.20	22	587	3725	fn	False
fn980	Ezzel a különleges gyógynövénnyel le tudsz szokni a dohányzásról!	https://vilagfigyelo.com/ezzel-a-kulonleges-gyogynovennyel-le-tudsz-szokni-a-dohanyzasrol/#docst		20	340	1987	fn	False
fn981	A koronavírus szörnyű titka: 6 milliárd ember végzete – Vilmos herceg elszólta magát	https://vilagfigyelo.com/amirol-nem-beszelnek-a-korona-virus-szornyu-titka/#docst		52	883	5247	fn	False
fn982	B-17: a vitamin, melynek hatásairól mélyen hallgat a gyógyszeripar: eltitkolt természetes gyógymód	https://vilagfigyelo.com/b-17-a-vitamin-melynek-hatasairol-melyen-hallgat-a-gyogyszeripar-eltitkolt-termeszetes-gyogymod/#docst		25	535	3186	fn	False
fn985	Moderna vakcina injekciós üvegben apró fekete anyagot találtak	https://www.pokolafoldon.hu/pandemia/moderna-vakcina-injekcios-uvegben-apro-fekete-anyagot-talaltak	2021.08.31	35	694	4568	fn	False
fn986	Ez nem más, mint szisztematikus orvosi támadás és előre megfontolt tömeggyilkosság!	https://www.pokolafoldon.hu/pandemia/ez-nem-mas-mint-szisztematikus-orvosi-tamadas-es-elore-megfontolt-tomeggyilkossag	2021.10.12	47	913	6005	fn	False
fn987	Ezért ne dobd el a krumpli héjat! Több előnye van, mint gondolnád!	https://mindenegybenblog.com/?p=194	2016.11.06	21	275	1653	fn	False
fn989	EZ A FÜRDŐ ELTÁVOLÍTJA A MÉRGEKET A SZERVEZETBŐL, JAVÍTJA AZ IZOM- ÉS IDEGMŰKÖDÉST, CSÖKKENTI A GYULLADÁST ÉS SERKENTI A VÉRKERINGÉST	https://mindenegybenblog.com/?p=1259	2017.01.15	26	479	2982	fn	False
fn990	Ezeket a betegségeket jelezheti a krónikus fejfájás, a fej bizonyos pontjain!	https://mindenegybenblog.com/?p=1626	2017.02.05	16	190	1067	fn	False
fn991	A SZÁZ BETEGSÉG PONTJÁNAK NEVEZIK, HA MASSZÍROZNI KEZDED, CSODA TÖRTÉNIK!	https://mindenegybenblog.com/?p=1714	2017.02.08	16	287	1708	fn	False
fn993	Az orvosok sem értik!!! Ez a 15 tipp visszaadja a csontok erősségét, 75 százalékkal javítja a látást és a memóriát!	https://mindenegybenblog.com/?p=1796	2017.02.14	26	332	1813	fn	False
fn994	Rengeteg mindent elárul rólad a vércsoportod. Valószínűleg ezekről eddig még nem is hallottál!	https://mindenegybenblog.com/?p=1941	2017.02.24	23	333	2143	fn	False
fn995	Egy angol kardiológus az egész világot meglepte. Ez az oka a pluszkilóknak, szív- és érrendszeri betegségeknek!	https://mindenegybenblog.com/?p=2032	2017.02.28	14	280	1732	fn	False
fn996	Ez a híres orosz szívsebész olyant mondott az étkezésről, ami mindenkit ledöbbentett. Ezt állítja a reggeliről…	https://mindenegybenblog.com/?p=2484	2017.03.31	25	562	3380	fn	False
fn997	ITT A NYÁR! 9+1 egészségügyi érv a sörivás mellett!	http://szabadonebredok.blogspot.com/2015/06/itt-nyar-91-egeszsegugyi-erv-sorivas.html		41	770	4513	fn	False
fn999	Mágnesként szívja ki a betegséget, egészségesebb még a káposztánál is, mégis elfeledkeztünk erről a zöldségről!	https://kulfoldiapro.com/archivum/13954	2022.02.07	22	355	2244	fn	False
pir001	Sárkány ellen sárkányfű, látás ellen fecskefű?	https://pirulakalauz.hu/2023/05/22/sarkany-ellen-sarkanyfu-latas-ellen-fecskefu/	2023.05.22	47	918	5966	ctrl	True
pir002	A természetes méregtelenítés titkai – csodaszerek nélkül	https://pirulakalauz.hu/2023/05/14/a-termeszetes-meregtelenites-titkai-csodaszerek-nelkul/	2023.05.14	32	694	4394	ctrl	True
pir003	Aszpirin: az óvatlan használat fokozhatja az elesés kockázatát	https://pirulakalauz.hu/2023/05/08/aszpirin-az-ovatlan-hasznalat-fokozhatja-az-eleses-kockazatat/	2023.05.08	22	478	3151	ctrl	True
pir004	Mit tehetünk, mit ne tegyünk szívroham esetén?	https://pirulakalauz.hu/2023/05/03/mit-tehetunk-mit-ne-tegyunk-szivroham-eseten/	2023.05.03	77	1144	6735	ctrl	True
pir005	Mire jó a kakukkfű?	https://pirulakalauz.hu/2023/04/20/mire-jo-a-kakukkfu/	2023.04.20	26	378	2669	ctrl	True
pir006	Parlagfű: egy allergizáló növény, bizonyított gyógyhatás nélkül	https://pirulakalauz.hu/2023/04/18/parlagfu-egy-allergizalo-noveny-bizonyitott-gyogyhatas-nelkul/	2023.04.18	155	3182	19637	ctrl	True
pir007	Az olívaolaj titka – életelixír vagy túlárazott divatcikk?	https://pirulakalauz.hu/2023/04/11/az-olivaolaj-titka-eletelixir-vagy-tularazott-divatcikk/	2023.04.11	46	973	6247	ctrl	True
pir008	Az életet mentő koleszterin – vagy veszélyes méreg?	https://pirulakalauz.hu/2023/04/03/az-eletet-mento-koleszterin-vagy-veszelyes-mereg/	2023.04.03	50	1059	6588	ctrl	True
pir009	A mormotakenőcs felérhet egy lórúgással	https://pirulakalauz.hu/2023/03/31/a-mormotakenocs-felerhet-egy-lorugassal/	2023.03.31	84	1476	10189	ctrl	True
pir010	A fogyasztószer, amely nem növeli a tömeget és nem választ szét	https://pirulakalauz.hu/2023/03/20/a-fogyasztoszer-amely-nem-noveli-a-tomeget-es-nem-valaszt-szet/	2023.03.20	44	826	5614	ctrl	True
pir011	Ez a fiatal nő minden reggel megivott egy kávét – gondolnád, hová ment utána?	https://pirulakalauz.hu/2023/03/15/ez-a-fiatal-no-minden-reggel-megivott-egy-kavet-gondolnad-hova-ment-utana/	2023.03.15	17	397	2482	ctrl	True
pir012	Vibrációs hashajtó: a jövő gyógyszere?	https://pirulakalauz.hu/2023/03/01/vibracios-hashajto-a-jovo-gyogyszere/	2023.03.01	14	269	1696	ctrl	True
pir013	Szója, fitoösztrogének: bizonyított előnyök menopauzában, kimutatható kockázat nélkül	https://pirulakalauz.hu/2023/02/25/szoja-fitoosztrogenek-bizonyitott-elonyok-menopauzaban-kimutathato-kockazat-nelkul/	2023.02.25	30	681	4577	ctrl	True
pir014	A CBD nem segít a daganatos betegeken egy friss kutatás szerint	https://pirulakalauz.hu/2023/02/09/a-cbd-nem-segit-a-daganatos-betegeken-egy-friss-kutatas-szerint/	2023.02.09	29	721	4530	ctrl	True
pir015	Életet ment vagy meggyilkol: a mesterséges intelligencia felkészül, de még nincs készen	https://pirulakalauz.hu/2023/01/30/eletet-ment-vagy-meggyilkol-a-mesterseges-intelligencia-felkeszul-de-meg-nincs-keszen/	2023.01.30	37	783	4728	ctrl	True
pir016	Az éjszakai fényszennyezés közel 30%-kal növelheti a cukorbetegség kockázatát	https://pirulakalauz.hu/2023/01/20/az-ejszakai-fenyszennyezes-kozel-30-kal-novelheti-a-cukorbetegseg-kockazatat/	2023.01.20	19	372	2614	ctrl	True
pir017	Celebek is felelősek a cukorbetegek kezelésére is használt gyógyszer hiányáért	https://pirulakalauz.hu/2023/01/17/celebek-is-felelosek-a-cukorbetegek-kezelesere-is-hasznalt-gyogyszer-hianyaert/	2023.01.17	45	1075	6747	ctrl	True
pir018	Légzésmenedzsment – egészséges légzés, tudományosan	https://pirulakalauz.hu/2023/01/11/legzesmenedzsment-egeszseges-legzes-tudomanyosan/	2023.01.11	27	563	3809	ctrl	True
pir019	Ahol fát vágnak, ott hullik a virgács	https://pirulakalauz.hu/2022/12/31/ahol-fat-vagnak-ott-hullik-a-virgacs/	2022.12.31	17	207	1199	ctrl	True
pir020	Tudományos áttörés: hülye járással az egészség védelmében	https://pirulakalauz.hu/2022/12/30/tudomanyos-attores-hulye-jarassal-az-egeszseg-vedelmeben/	2022.12.30	9	193	1211	ctrl	True
pir021	A lázcsillapítók túlzásba vitt használata fokozhatja a fogszuvasodás kockázatát	https://pirulakalauz.hu/2022/12/29/a-lazcsillapitok-tulzasba-vitt-hasznalata-fokozhatja-a-fogszuvasodas-kockazatat/	2022.12.29	14	338	2350	ctrl	True
pir022	A túl kevés és a túl sok sem jó: a terhesség alatti D-vitamin-fogyasztás és az atópiás betegségek kapcsolata	https://pirulakalauz.hu/2022/12/12/a-tul-keves-es-a-tul-sok-sem-jo-a-terhesseg-alatti-d-vitamin-fogyasztas-es-az-atopias-betegsegek-kapcsolata/	2022.12.12	26	596	4031	ctrl	True
pir023	Rövidlátás: a vaksággal fenyegető világjárvány	https://pirulakalauz.hu/2022/12/09/rovidlatas-a-vaksaggal-fenyegeto-vilagjarvany/	2022.12.09	16	302	1978	ctrl	True
pir024	60 milliós bírság a „tüdővitamin” forgalmazóinak	https://pirulakalauz.hu/2022/12/02/60-millios-birsag-a-tudovitamin-forgalmazoinak/	2022.12.02	15	448	3125	ctrl	True
pir025	Áttörés: egy új gyógyszer késleltetheti az 1-es típusú cukorbetegség kialakulását	https://pirulakalauz.hu/2022/12/01/attores-egy-uj-gyogyszer-kesleltetheti-az-1-es-tipusu-cukorbetegseg-kialakulasat/	2022.12.01	28	532	3571	ctrl	True
pir026	Szűrővizsgálatok egészségpénztárral - így kaphatunk támogatást a prevencióra	https://pirulakalauz.hu/2022/11/28/szurovizsgalatok-egeszsegpenztarral-igy-kaphatunk-tamogatast-a-prevenciora/	2022.11.28	66	1190	8092	ctrl	True
pir027	Drámaian nő az alkoholmérgezések száma Magyarországon	https://pirulakalauz.hu/2022/11/21/dramaian-no-az-alkoholmergezesek-szama-magyarorszagon/	2022.11.21	6	104	696	ctrl	False
pir028	Mi az oka annak, hogy felfüggesztették a Milgamma tabletta forgalmazását?	https://pirulakalauz.hu/2022/11/15/mi-az-oka-annak-hogy-felfuggesztettek-a-milgamma-tabletta-forgalmazasat/	2022.11.15	23	533	3197	ctrl	False
pir029	Sólámpa, sóbarlang, sószoba - mire jó valójában a haloterápia?	https://pirulakalauz.hu/2022/11/14/solampa-sobarlang-soszoba-mire-jo-valojaban-a-haloterapia/	2022.11.14	99	1932	12159	ctrl	False
pir030	Nem félni, nem megijedni – védekezni kel a Covid és az influenza ellen	https://pirulakalauz.hu/2022/11/10/nem-felni-nem-megijedni-vedekezni-kel-a-covid-es-az-influenza-ellen/	2022.11.10	2	15	71	ctrl	False
pir031	Gombák a rosszindulatú daganatokban – egy friss felfedezés és lehetséges következményei	https://pirulakalauz.hu/2022/11/04/gombak-a-rosszindulatu-daganatokban-egy-friss-felfedezes-es-lehetseges-kovetkezmenyei/	2022.11.04	15	358	2377	ctrl	False
pir032	A kannabiszt használóknál jelentősen nő a szívritmuszavar kockázata	https://pirulakalauz.hu/2022/10/25/a-kannabiszt-hasznaloknal-jelentosen-no-a-szivritmuszavar-kockazata/	2022.10.25	15	372	2541	ctrl	False
pir033	Kevesebb fertőzés, több allergia - mindennek ára van	https://pirulakalauz.hu/2022/10/11/kevesebb-fertozes-tobb-allergia-mindennek-ara-van/	2022.10.11	17	482	3422	ctrl	False
pir034	Filléres módszerrel csökkenthető a súlyos Covid-19 kockázata	https://pirulakalauz.hu/2022/09/20/filleres-modszerrel-csokkentheto-a-sulyos-covid-19-kockazata/	2022.09.20	41	820	5320	ctrl	False
pir035	Láthatáron a Lyme-kór elleni védőoltás	https://pirulakalauz.hu/2022/09/13/lathataron-a-lyme-kor-elleni-vedooltas/	2022.09.13	12	269	1788	ctrl	False
pir036	Hamarosan dönt az Európai Gyógyszerügynökség a módosított Covid-oltások ügyében	https://pirulakalauz.hu/2022/08/31/hamarosan-dont-az-europai-gyogyszerugynokseg-a-modositott-covid-oltasok-ugyeben/	2022.08.31	19	361	2410	ctrl	False
pir037	Gyógyszerek egészségpénztárra - hogyan fizethetjük és miért éri meg	https://pirulakalauz.hu/2022/08/26/gyogyszerek-egeszsegpenztarra-hogyan-fizethetjuk-es-miert-eri-meg/	2022.08.26	84	1401	9624	ctrl	False
pir038	Már a mérsékelt pajzsmirigy-alulműködés is ronthatja a szellemi teljesítményt	https://pirulakalauz.hu/2022/08/05/mar-a-mersekelt-pajzsmirigy-alulmukodes-is-ronthatja-a-szellemi-teljesitmenyt/	2022.08.05	24	493	3521	ctrl	False
pir039	A gyümölcsök nem, a gyümölcscukor viszont fokozhatja a zsírmáj kockázatát	https://pirulakalauz.hu/2022/08/02/a-gyumolcsok-nem-a-gyumolcscukor-viszont-fokozhatja-a-zsirmaj-kockazatat/	2022.08.02	43	810	5404	ctrl	False
pir040	Ha gyógyszert szedsz, a napozás még veszélyesebb lehet	https://pirulakalauz.hu/2022/07/27/ha-gyogyszert-szedsz-a-napozas-meg-veszelyesebb-lehet/	2022.07.27	47	714	4750	ctrl	False
pir041	Így kérhetsz második orvosi szakvéleményt	https://pirulakalauz.hu/2022/07/21/igy-kerhetsz-masodik-orvosi-szakvelemenyt/	2022.07.21	44	883	5862	ctrl	False
pir042	Fényvédelem természetesen	https://pirulakalauz.hu/2022/07/15/fenyvedelem-termeszetesen/	2022.07.15	44	997	6956	ctrl	False
pir043	Tüdővitamin – betiltás és bírság a jogsértések eredménye	https://pirulakalauz.hu/2022/07/01/tudovitamin-betiltas-es-birsag-a-jogsertesek-eredmenye/	2022.07.01	15	332	2268	ctrl	False
pir044	Ezt itatják velünk ivóvíz néven?	https://pirulakalauz.hu/2022/06/30/ezt-itatjak-velunk-ivoviz-neven/	2022.06.30	64	1378	9280	ctrl	False
pir045	A Lyme-gyorsteszt nem több, mint pénzkidobás?	https://pirulakalauz.hu/2022/06/20/a-lyme-gyorsteszt-nem-tobb-mint-penzkidobas/	2022.06.20	36	628	3834	ctrl	False
pir046	Taurin: kenjük a hajunkra? Válaszol a szakértő a PirulaKalauz Klubban	https://pirulakalauz.hu/2022/06/14/taurin-kenjuk-a-hajunkra-valaszol-a-szakerto-a-pirulakalauz-klubban/	2022.06.14	31	503	3307	ctrl	False
pir047	10 dolog, amit érdemes tudni Q10-koenzimről	https://pirulakalauz.hu/2022/06/13/10-dolog-amit-erdemes-tudni-q10-koenzimrol/	2022.06.13	42	742	5296	ctrl	False
pir048	Shakira: hisztéria vagy pánikroham?	https://pirulakalauz.hu/2022/06/08/hiszteria-vagy-panikroham/	2022.06.08	56	787	5112	ctrl	False
pir049	Hogyan válassz étrend-kiegészítőt okosan?	https://pirulakalauz.hu/2022/06/07/hogyan-valassz-etrend-kiegeszitot-okosan/	2022.06.07	11	126	773	ctrl	False
pir050	Jó hír: nem minden egészségtelen, ami finom! Tippek az egészséges nassoláshoz	https://pirulakalauz.hu/2022/06/02/jo-hir-nem-minden-egeszsegtelen-ami-finom-tippek-az-egeszseges-nassolashoz/	2022.06.02	60	987	6376	ctrl	False
pir051	Már magzati korban veszélyeztethetik az egészséget az endokrin diszruptorok	https://pirulakalauz.hu/2022/05/24/mar-magzati-korban-veszelyeztethetik-az-egeszseget-az-endokrin-diszruptorok/	2022.05.24	23	516	3635	ctrl	False
pir052	A halál oka: aromaterápia	https://pirulakalauz.hu/2022/05/20/a-halal-oka-aromaterapia/	2022.05.20	30	583	3755	ctrl	False
pir053	Hogy azonosítsd az átverős weboldalakat 2 perc alatt?	https://pirulakalauz.hu/2022/05/16/hogy-azonositsd-az-atveros-weboldalakat-2-perc-alatt/	2022.05.16	50	956	6023	ctrl	False
pir054	A kevesebb több – tégy az antibiotikumrezisztencia ellen!	https://pirulakalauz.hu/2022/05/12/a-kevesebb-tobb-tegy-az-antibiotikumrezisztencia-ellen/	2022.05.12	39	700	4943	ctrl	False
pir055	Az édeskömény hasznai és veszélyei – hagyomány és tudomány	https://pirulakalauz.hu/2022/05/11/az-edeskomeny-hasznai-es-veszelyei-hagyomany-es-tudomany/	2022.05.11	41	686	4796	ctrl	False
pir056	Továbbra is a kamilla a legnépszerűbb gyógynövény Magyarországon	https://pirulakalauz.hu/2022/05/09/tovabbra-is-a-kamilla-a-legnepszerubb-gyogynoveny-magyarorszagon/	2022.05.09	30	203	1246	ctrl	False
pir057	Több koffein? Kevesebb koleszterin!	https://pirulakalauz.hu/2022/05/06/tobb-koffein-kevesebb-koleszterin/	2022.05.06	18	425	2803	ctrl	False
pir058	Tüdőembólia: a Covid-19-en átesett betegek körében fokozott a kockázat	https://pirulakalauz.hu/2022/04/25/tudoembolia-a-covid-19-en-atesett-betegek-koreben-fokozott-a-kockazat/	2022.04.25	65	830	5358	ctrl	False
pir059	Gyógytea helyett medvetalp: a füvesember veszélyes tanácsai	https://pirulakalauz.hu/2022/04/22/gyogytea-helyett-medvetalp-a-fuvesember-veszelyes-tanacsai/	2022.04.22	31	645	4218	ctrl	False
pir060	Húzd be a függönyt, aludj jobban és lődd ki az inzulinválaszt is!	https://pirulakalauz.hu/2022/04/21/huzd-be-a-fuggonyt-aludj-jobban-es-lodd-ki-az-inzulinvalaszt-is/	2022.04.21	31	602	3945	ctrl	False
pir061	A betegségmegelőzés már a magzati korban kezdődik	https://pirulakalauz.hu/2022/04/14/a-betegsegmegelozes-mar-a-magzati-korban-kezdodik/	2022.04.14	42	789	4909	ctrl	False
pir062	Antioxidánsok – mire jók valójában?	https://pirulakalauz.hu/2022/04/04/antioxidansok-mire-jok-valojaban/	2022.04.04	67	1410	9471	ctrl	False
pir063	Homeopátia: kulcs a fenntartható víztisztításhoz?	https://pirulakalauz.hu/2022/04/01/homeopatia-kulcs-a-fenntarthato-viztisztitashoz/	2022.04.01	22	499	3285	ctrl	False
pir064	Jóból is megárt a sok - a biztonságos altatóként ismert melatonin túladagolása gyakori, de nem veszélytelen	https://pirulakalauz.hu/2022/03/31/jobol-is-megart-a-sok-a-biztonsagos-altatokent-ismert-melatonin-tuladagolasa-gyakori-de-nem-veszelytelen/	2022.03.31	34	686	4599	ctrl	False
pir065	A paradicsom színanyaga, a likopin csökkenti a magas vérnyomást	https://pirulakalauz.hu/2022/03/30/a-paradicsom-szinanyaga-a-likopin-csokkenti-a-magas-vernyomast/	2022.03.30	21	583	4049	ctrl	False
pir066	A betegség, amivel nem illik viccelődni, azaz a Will Smith – Chris Rock csörte háttere	https://pirulakalauz.hu/2022/03/28/a-betegseg-amivel-nem-illik-viccelodni-azaz-a-will-smith-chris-rock-csorte-hattere/	2022.03.28	27	474	2972	ctrl	False
pir067	Kullancsok és Lyme-kór: jobb félni, mint megijedni	https://pirulakalauz.hu/2022/03/26/kullancsok-es-lyme-kor-jobb-felni-mint-megijedni/	2022.03.26	42	752	4700	ctrl	False
pir068	A szénhidrátcsökkentett diéta velőcsőzáródási rendellenességet okozhat a születendő gyermeknél	https://pirulakalauz.hu/2022/03/23/a-szenhidratcsokkentett-dieta-velocsozarodasi-rendellenesseget-okozhat-a-szuletendo-gyermeknel/	2022.03.23	34	837	5945	ctrl	False
pir069	A C-vitamin hiánya idős korban csökkent szellemi teljesítménnyel társulhat	https://pirulakalauz.hu/2022/03/21/a-c-vitamin-hianya-idos-korban-csokkent-szellemi-teljesitmennyel-tarsulhat/	2022.03.21	12	273	1805	ctrl	False
pir070	Nyolc új ágenssel bővült a rákkeltő anyagok listája	https://pirulakalauz.hu/2022/03/18/nyolc-uj-agenssel-bovult-a-rakkelto-anyagok-listaja/	2022.03.18	20	379	2614	ctrl	False
pir071	Gyógynövényhasználat 2022-ben: nyerj egy PirulaKalauzt!	https://pirulakalauz.hu/2022/03/10/gyogynovenyhasznalat-2022-ban-nyerj-egy-pirulakalauzt/	2022.03.10	13	170	1077	ctrl	False
pir072	Természetes antibiotikumok	https://pirulakalauz.hu/2022/03/09/termeszetes-antibiotikumok/	2022.03.09	63	1450	9316	ctrl	False
pir073	Vény nélküli fájdalomcsillapítók fokozhatják a fülzúgás kockázatát	https://pirulakalauz.hu/2022/03/07/veny-nelkuli-fajdalomcsillapitok-fokozhatjak-a-fulzugas-kockazatat/	2022.03.07	18	415	2624	ctrl	False
pir074	Egy új vakcina megvédhet a csecsemőkori RSV-fertőzés okozta légúti betegségektől	https://pirulakalauz.hu/2022/03/04/egy-uj-vakcina-megvedhet-a-csecsemokori-rsv-fertozes-okozta-leguti-betegsegektol/	2022.03.04	17	338	2391	ctrl	False
pir075	A gyömbér segíthet növelni az anyatej mennyiségét	https://pirulakalauz.hu/2022/03/03/a-gyomber-segithet-novelni-az-anyatej-mennyiseget/	2022.03.03	18	371	2601	ctrl	False
pir076	Vegán D-vitamin: az ipar válasza a fogyasztói igényekre	https://pirulakalauz.hu/2022/03/01/vegan-d-vitamin-az-ipar-valasza-a-fogyasztoi-igenyekre/	2022.03.01	11	238	1601	ctrl	False
pir077	A hibiszkusz és a citromverbéna az étvágy mérséklésével csökkentheti a testsúlyt	https://pirulakalauz.hu/2022/02/28/a-hibiszkusz-es-a-citromverbena-az-etvagy-csokkentesevel-csokkentheti-a-testsulyt/	2022.02.28	26	508	3353	ctrl	False
pir078	Nemcsak hányinger, hanem migrén csillapítására is jó lehet a gyömbér	https://pirulakalauz.hu/2022/02/24/nemcsak-hanyinger-hanem-migren-csillapitasara-is-jo-lehet-a-gyomber/	2022.02.24	13	277	1932	ctrl	False
pir079	Kemoterápia helyett citromlé?	https://pirulakalauz.hu/2022/02/23/kemoterapia-helyett-citromle/	2022.02.23	49	1175	7061	ctrl	False
pir080	Védőoltás után irány az edzőterem?	https://pirulakalauz.hu/2022/02/21/vedooltas-utan-irany-az-edzoterem/	2022.02.21	17	350	2340	ctrl	False
pir081	Terítéken és mérlegen a ketogén étrend	https://pirulakalauz.hu/2022/02/15/teriteken-es-merlegen-a-ketogen-etrend/	2022.02.15	62	1259	8634	ctrl	False
pir082	Egészségpénztár és egészségbiztosítás – melyiket válasszuk?	https://pirulakalauz.hu/2022/02/14/egeszsegpenztar-es-egeszsegbiztositas-melyiket-valasszuk/	2022.02.14	139	1942	13272	ctrl	False
pir083	Veszélyben a CBD-termékek: a brit hatóság szerint a szakirodalmi adatok nem támasztják alá a biztonságosságot	https://pirulakalauz.hu/2022/02/13/veszelyben-a-cbd-termekek-a-brit-hatosag-szerint-a-szakirodalmi-adatok-nem-tamasztjak-ala-a-biztonsagossagot/	2022.02.13	15	404	2793	ctrl	False
pir084	Ígéretes testsúlycsökkentő gyógyszer a láthatáron – heti egy kezelés elegendő lehet	https://pirulakalauz.hu/2022/02/11/igeretes-testsulycsokkento-gyogyszer-a-lathataron-heti-egy-kezeles-elegendo-lehet/	2022.02.11	30	681	4657	ctrl	False
pir085	A szürkehályogműtét csökkentheti a demencia kialakulásának kockázatát	https://pirulakalauz.hu/2022/02/08/a-szurkehalyogmutet-csokkentheti-a-demencia-kialakulasanak-kockazatat/	2022.02.08	23	440	2937	ctrl	False
pir086	A modern fájdalomcsillapítók őse, a fűzfa	https://pirulakalauz.hu/2022/02/05/a-modern-fajdalomcsillapitok-ose-a-fuzfa/	2022.02.05	41	692	4992	ctrl	False
pir087	Piercinggel a migrén ellen - divat, babona, vagy tudomány?	https://pirulakalauz.hu/2022/02/04/piercinggel-a-migren-ellen-divat-babona-vagy-tudomany/	2022.02.04	34	645	4148	ctrl	False
pir088	2022-ben a cickafark az év gyógynövénye	https://pirulakalauz.hu/2022/02/03/2022-ben-a-cickafark-az-ev-gyogynovenye/	2022.02.03	11	185	1337	ctrl	False
pir089	A favipiravirt megvédeni nem kell félnetek jó lesz ha mindenki egyetért én nem ellenzem	https://pirulakalauz.hu/2022/02/02/a-favipiravirt-megvedeni-nem-kell-felnetek-jo-lesz-ha-mindenki-egyetert-en-nem-ellenzem/	2022.02.02	87	1792	11728	ctrl	False
pir090	A háziorvos Covid-jótanácsairól kiderült: álhír	https://pirulakalauz.hu/2022/01/31/az-haziorvos-covid-jotanacsairol-kiderult-alhir/	2022.01.31	52	878	5109	ctrl	False
pir091	Lutein és zeaxantin, a sziámi iker szemvitaminok	https://pirulakalauz.hu/2022/01/28/lutein-es-zeaxantin-a-sziami-iker-szemvitaminok/	2022.01.28	30	613	4236	ctrl	False
pir092	Húgyúti fertőzések ellen gyógynövényekkel, természetes anyagokkal – lehetőségek és korlátok	https://pirulakalauz.hu/2022/01/25/hugyuti-fertozesek-ellen-gyogynovenyekkel-termeszetes-anyagokkal-lehetosegek-es-korlatok/	2022.01.25	14	157	1084	ctrl	False
pir093	Ezért veszélyesek a (hamisított) fogyasztószerek	https://pirulakalauz.hu/2022/01/25/ezert-veszelyesek-a-hamisitott-fogyasztoszerek/	2022.01.25	27	577	3929	ctrl	False
pir094	A koronavírus rövidebb ideig életképes a levegőben, mint korábban gondolták	https://pirulakalauz.hu/2022/01/24/a-koronavirus-rovidebb-ideig-eletkepes-a-levegoben-mint-korabban-gondoltak/	2022.01.24	17	338	2254	ctrl	False
pir095	Melyik lázcsillapító szedése igényel különös odafigyelést favipiravir-kezelés alatt?	https://pirulakalauz.hu/2022/01/23/melyik-lazcsillapito-szedese-igenyel-kulonos-odafigyelest-favipiravir-kezeles-alatt/	2022.01.23	18	358	2382	ctrl	False
pir096	Gyógyítható a gyermekkori földimogyoró-allergia	https://pirulakalauz.hu/2022/01/22/gyogyithato-a-gyermekkori-foldimogyoro-allergia/	2022.01.22	25	536	3609	ctrl	False
pir097	Anyatej helyett kóla - a tudományos cirkusz szemfényvesztői	https://pirulakalauz.hu/2022/01/21/anyatej-helyett-kola-a-tudomanyos-cirkusz-szemfenyvesztoi/	2022.01.21	12	164	976	ctrl	False
pir098	Egészségpénztár - ezzel a számlával költhetsz az egészségedre és közben spórolsz is	https://pirulakalauz.hu/2022/01/20/egeszsegpenztar-ezzel-a-szamlaval-kolthetsz-az-egeszsegedre-es-kozben-sporolsz-is/	2022.01.20	88	1339	9062	ctrl	False
pir099	Akár háromszor egészségesebb is lehet a brokkoli, ha jól készítjük el	https://pirulakalauz.hu/2022/01/19/akar-haromszor-egeszsegesebb-is-lehet-a-brokkoli-ha-jol-keszitjuk-el/	2022.01.19	25	492	3063	ctrl	False
pir100	Francia paradoxon - tényleg a vörösbor védi az egészséget?	https://pirulakalauz.hu/2022/01/14/francia-paradoxon-tenyleg-a-vorosbor-vedi-az-egeszseget/	2022.01.14	11	245	1682	ctrl	False
pir101	Hatásosak-e a Covid-oltások az Omikron variáns ellen? Az Európai Gyógyszerügynökség állásfoglalása	https://pirulakalauz.hu/2022/01/12/hatasosak-e-a-covid-oltasok-az-omikron-varians-ellen-az-europai-gyogyszerugynokseg-allasfoglalasa/	2022.01.12	13	304	1981	ctrl	False
pir102	Billen a mérleg nyelve: csökken a biszfenol A megengedett napi bevitele	https://pirulakalauz.hu/2022/01/10/billen-a-merleg-nyelve-csokken-a-biszfenol-a-megengedett-napi-bevitele/	2022.01.10	24	532	3571	ctrl	False
pir103	Rövidebb ideig fertőznek a Covidos betegek, mint korábban gondolták, enyhülnek az amerikai ajánlások	https://pirulakalauz.hu/2022/01/10/rovidebb-ideig-fertoznek-a-covidos-betegek-mint-korabban-gondoltak-enyhulnek-az-amerikai-ajanlasok/	2022.01.10	15	369	2363	ctrl	False
pir104	Mit és mit ne igyon a gyerek? A PirulaKalauz podcast vendége Lukasz Rebeka dietetikus	https://pirulakalauz.hu/2022/01/07/mit-es-mit-ne-igyon-a-gyerek-lukasz-rebeka/	2022.01.07	28	256	1578	ctrl	False
pir105	Hamarosan itt lehet az első mRNS-vakcina, ami nem a Covid ellen véd	https://pirulakalauz.hu/2022/01/06/hamarosan-itt-lehet-az-elso-mrns-vakcina-ami-nem-a-covid-ellen-ved/	2022.01.06	14	310	2089	ctrl	False
pir106	Vércukorszint-csökkentő gyógynövények	https://pirulakalauz.hu/2022/01/05/vercukorszint-csokkento-gyogynovenyek/	2022.01.05	39	697	4830	ctrl	False
pir107	Terhesség alatti Covid-oltás: minél előbb, annál jobb	https://pirulakalauz.hu/2022/01/03/terhesseg-alatti-covid-oltas-minel-elobb-annal-jobb/	2022.01.03	19	423	2649	ctrl	False
pir108	A legjobb, leghatásosabb méregtelenítő módszerek	https://pirulakalauz.hu/2022/01/03/a-legjobb-leghatasosabb-meregtelenito-modszerek/	2022.01.03	48	1024	6226	ctrl	False
pir109	Gyomorégésre citromlé – savra savat?	https://pirulakalauz.hu/2021/12/30/gyomoregesre-citromle-savra-savat/	2021.12.30	51	841	5161	ctrl	False
pir110	Ismerd meg a gyógyszereidet: a nem szteroid gyulladáscsökkentők	https://pirulakalauz.hu/2021/12/29/ismerd-meg-a-gyogyszereidet-a-nem-szteroid-gyulladascsokkentok/	2021.12.29	42	738	5259	ctrl	False
pir111	Egy új kezelés átmeneti javulást hozhat a színlátási zavarban szenvedőknek	https://pirulakalauz.hu/2021/12/27/egy-uj-kezeles-atmeneti-javulast-hozhat-a-szinlatasi-zavarban-szenvedoknek/	2021.12.27	24	426	2971	ctrl	False
pir112	Napi egy tabletta megszüntetheti az atópiás dermatitisz kellemetlen tüneteit	https://pirulakalauz.hu/2021/12/26/napi-egy-tabletta-megszuntetheti-az-atopias-dermatitisz-kellemetlen-tuneteit/	2021.12.26	11	238	1639	ctrl	False
pir113	Mi véd jobban a Covidtól: a védőoltás vagy egy korábban lezajlott fertőzés?	https://pirulakalauz.hu/2021/12/23/mi-ved-jobban-a-covidtol-a-vedooltas-vagy-egy-koraban-lezajlott-fertozes/	2021.12.23	24	653	4184	ctrl	False
pir114	Az új vírusváltozatok ellen is védő, szúrás nélküli Covid-oltás – nem mese, lassan valóság?	https://pirulakalauz.hu/2021/12/16/az-uj-virusvaltozatok-ellen-is-vedo-szuras-nelkuli-covid-oltas-nem-mese-lassan-valosag/	2021.12.16	19	427	2824	ctrl	False
pir115	Enyhíthetőek-e a hosszú Covid tünetei az oltással?	https://pirulakalauz.hu/2021/12/15/enyhithetoek-e-a-hosszu-covid-tunetei-az-oltassal/	2021.12.15	30	802	5323	ctrl	False
pir116	Akár 19 évvel a betegség kialakulása előtt kimutatható 2-es típusú cukorbetegség kockázata	https://pirulakalauz.hu/2021/12/13/akar-19-evvel-a-betegseg-kialakulasa-elott-kimutathato-2-es-tipusu-cukorbetegseg-kockazata/	2021.12.13	20	347	2646	ctrl	False
pir117	Mi változott a 2021-es D-vitamin-ajánlásban?	https://pirulakalauz.hu/2021/12/09/mi-valtozott-a-2021-es-d-vitamin-ajanlasban/	2021.12.09	35	692	4712	ctrl	False
pir118	Nem indokolt az alacsony dózisú acetilszalicilsav kórházban ápolt Covid-19-betegeknél	https://pirulakalauz.hu/2021/12/08/nem-indokolt-az-alacsony-dozisu-acetilszalicilsav-korhazban-apolt-covid-19-betegeknel/	2021.12.08	14	274	1807	ctrl	False
pir119	Kérdezz-felelek az öt évnél idősebb gyermekek Covid-19 védőoltásáról	https://pirulakalauz.hu/2021/12/07/kerdezz-felelek-az-ot-evnel-idosebb-gyermekek-covid-19-vedooltasarol/	2021.12.07	50	785	5139	ctrl	False
pir120	A maszkviselés előnyei a számok nyelvén: kimutatható haszon, de több is lehetne	https://pirulakalauz.hu/2021/12/06/a-maszkviseles-elonyei-a-szamok-nyelven-kimutathato-haszon-de-tobb-is-lehetne/	2021.12.06	34	873	5888	ctrl	False
pir121	Megfejthették az AstraZeneca oltással kapcsolatos véralvadási zavar titkát	https://pirulakalauz.hu/2021/12/02/megfejthettek-az-astrazeneca-oltassal-kapcsolatos-veralvadasi-zavar-titkat/	2021.12.02	11	209	1404	ctrl	False
pir122	A magas vérnyomásban szenvedők jelentős része vérnyomást emelő gyógyszereket is szed	https://pirulakalauz.hu/2021/12/02/a-magas-vernyomasban-szenvedok-jelentos-resze-vernyomast-emelo-gyogyszereket-is-szed/	2021.12.02	25	333	2247	ctrl	False
pir123	Első az életmód és az étrend, csak második a sztatin - a koleszterinszint-csökkentés előnyei és kockázatai	https://pirulakalauz.hu/2021/11/30/elso-az-eletmod-es-az-etrend-csak-masodik-a-sztatin-a-koleszterinszint-csokkentes-elonyei-es-kockazatai/	2021.11.30	48	935	6415	ctrl	False
pir124	Sötét felhők a molnupiravir fölött	https://pirulakalauz.hu/2021/11/30/sotet-felhok-a-molnupiravir-folott/	2021.11.30	10	202	1427	ctrl	False
pir125	A koronavírus omikron (omicron) variánsáról – pánik helyett óvatosság	https://pirulakalauz.hu/2021/11/29/a-koronavirus-omikron-omicron-variansarol-panik-helyett-ovatossag/	2021.11.29	50	970	6341	ctrl	False
pir126	Illóolajok és koronavírus – hatások és veszélyek	https://pirulakalauz.hu/2021/11/26/illoolajok-es-koronavirus-hatasok-es-veszelyek/	2021.11.26	68	1228	8516	ctrl	False
pir127	Miért tiltják be a CBD-olajokat? – webinárium	https://pirulakalauz.hu/2021/11/26/miert-tiltjak-be-a-cbd-olajokat-webinarium/	2021.11.26	10	115	739	ctrl	False
pir128	Az 5-11 évesek is megkaphatják a Pfizer Covid-védőoltását az Európai Gyógyszerügynökség javaslata szerint	https://pirulakalauz.hu/2021/11/25/az-5-11-evesek-is-megkaphatjak-a-pfizer-covid-vedooltasat-az-europai-gyogyszerugynokseg-javaslata-szerint/	2021.11.25	15	307	1975	ctrl	False
pir129	Az amerikaiak 80%-a rosszul csinálja – tudományos tanácsok a pulykasütéshez	https://pirulakalauz.hu/2021/11/24/az-amerikaiak-80-a-rosszul-csinalja-tudomanyos-tanacsok-a-pulykasuteshez/	2021.11.24	23	457	2726	ctrl	False
pir130	Tüdővitamin: ellentmondásos hírek, és ami mögöttük van	https://pirulakalauz.hu/2021/11/22/tudovitamin-ellentmondasos-hirek-es-ami-mogottuk-van/	2021.11.22	40	852	5492	ctrl	False
pir131	Karnyújtásnyira a Lagevrio néven forgalomba kerülő Covid-gyógyszer	https://pirulakalauz.hu/2021/11/19/karnyujtasnyira-a-lagevrio-neven-forgalomba-kerulo-covid-gyogyszer/	2021.11.19	17	425	2790	ctrl	False
pir132	A gyomorsavcsökkentés előnyei és árnyoldalai	https://pirulakalauz.hu/2021/11/19/a-gyomorsavcsokkentes-elonyei-es-arnyoldalai/	2021.11.19	40	651	4565	ctrl	False
pir133	Vibrációs tréning segítségével javítható a szklerózis multiplexben szenvedők állapota	https://pirulakalauz.hu/2021/11/13/vibracios-trening-segitsegevel-javithato-a-szklerozis-multiplexben-szenvedok-allapota/	2021.11.13	26	553	3675	ctrl	False
pir134	Az oltásellenesek a gyógyszergyárakat támogatják	https://pirulakalauz.hu/2021/11/12/az-oltasellenesek-a-gyogyszergyarakat-tamogatjak/	2021.11.12	16	291	1906	ctrl	False
pir135	Szúrás nélküli vércukorszintmérés – lehetségesnek tűnik	https://pirulakalauz.hu/2021/11/11/szuras-nelkuli-vercukorszintmeres-lehetsegesnek-tunik/	2021.11.11	12	231	1621	ctrl	False
pir136	A Moderna Spikevax vakcinájának gyermekek körében való alkalmazását vizsgálja az EMA	https://pirulakalauz.hu/2021/11/10/a-moderna-spikevax-gyermekek-koreben-valo-alkalmazasat-vizsgalja-az-ema/	2021.11.10	10	218	1494	ctrl	False
pir137	Lefogyni? Mi sem egyszerűbb!	https://pirulakalauz.hu/2021/11/08/lefogyni-mi-sem-egyszerubb/	2021.11.08	50	1057	6863	ctrl	False
pir138	Influenza helyett Covid-gyógyszer: engedélyt kapott a molnupiravir	https://pirulakalauz.hu/2021/11/07/influenza-helyett-covid-gyogyszer-engedelyt-kapott-a-molnupiravir/	2021.11.07	14	295	2081	ctrl	False
pir139	Paxlovid: új, hatékony Covid-19-ellenes gyógyszer a láthatáron	https://pirulakalauz.hu/2021/11/06/paxlovid-uj-hatekony-covid-19-ellenes-gyogyszer-a-lathataron/	2021.11.06	14	414	2703	ctrl	False
pir140	Immunrendszertuning természetes anyagokkal – lehetséges?	https://pirulakalauz.hu/2021/11/04/immunrendszertuning-termeszetes-anyagokkal-lehetseges/	2021.11.04	8	130	862	ctrl	False
pir141	Zöld jelzés az 5-11 évesek Covid-oltásának az USÁ-ban	https://pirulakalauz.hu/2021/10/27/zold-jelzes-az-5-11-evesek-covid-oltasanak-az-usa-ban/	2021.10.27	8	180	1194	ctrl	False
pir142	A diófélék és az eltűnt kalóriák	https://pirulakalauz.hu/2021/10/26/a-diofelek-es-az-eltunt-kaloriak/	2021.10.26	28	701	4640	ctrl	False
pir143	Miért ne legyen vegán a gyerek?	https://pirulakalauz.hu/2021/10/19/miert-ne-legyen-vegan-a-gyerek/	2021.10.19	49	901	5793	ctrl	False
pir144	Nem muszáj maszkot viselni, ha vállaljuk a következményeket	https://pirulakalauz.hu/2021/10/17/nem-muszaj-maszkot-viselni-ha-vallaljuk-a-kovetkezmenyeket/	2021.10.17	47	890	5284	ctrl	False
pir145	Ginkgó, az „agy jótevője”	https://pirulakalauz.hu/2021/10/13/ginkgo-az-agy-jotevoje/	2021.10.13	42	894	6182	ctrl	False
pir146	Csecsemőkori D-vitamin-pótlás – akik elhanyagolják, nem számolnak a következményekkel	https://pirulakalauz.hu/2021/10/10/csecsemokori-d-vitamin-potlas-akik-elhanyagoljak-nem-szamolnak-a-kovetkezmenyekkel/	2021.10.10	22	444	3001	ctrl	False
pir147	Karikó Katalin továbbra is esélyes a Nobel-díjra	https://pirulakalauz.hu/2021/10/06/kariko-katalin-nobel-dij-eselyei-nem-csokkentek/	2021.10.06	19	460	3057	ctrl	False
pir148	Orvosi Nobel-díj: nem Karikó Katalin a díjazott, de van magyar vonatkozás	https://pirulakalauz.hu/2021/10/04/atadtak-az-orvosi-nobel-dijat-nem-kariko-katalin-a-dijazott-de-van-magyar-vonatkozasa/	2021.10.04	12	239	1649	ctrl	False
pir149	Amikor krónikus beteget támad a koronavírus	https://pirulakalauz.hu/2021/09/30/amikor-kronikus-beteget-tamad-a-koronavirus/	2021.09.30	5	105	681	ctrl	False
pir150	Oltatni vagy nem oltatni? - ez itt a kérdés, kismamák…	https://pirulakalauz.hu/2021/09/22/oltatni-vagy-nem-oltatni-ez-itt-a-kerdes-kismamak/	2021.09.22	43	985	6173	ctrl	False
pir151	Tudományos vízpótlás sportolóknak	https://pirulakalauz.hu/2021/09/17/tudomanyos-vizpotlas-sportoloknak/	2021.09.17	24	584	3883	ctrl	False
pir152	Optimális fehérjebevitel állóképességi sportolóknak	https://pirulakalauz.hu/2021/09/14/optimalis-feherjebevitel-allokepessegi-sportoloknak/	2021.09.14	32	654	4506	ctrl	False
pir153	Szénhidrátbevitelről - nem csak futóknak	https://pirulakalauz.hu/2021/09/13/szenhidratbevitelrol-nem-csak-futoknak/	2021.09.13	34	702	4774	ctrl	False
pir154	Mikróbadopping – probiotikumok futóknak?	https://pirulakalauz.hu/2021/09/11/mikrobadopping-probiotikumok-futoknak/	2021.09.11	24	479	3382	ctrl	False
pir155	Fittnek lenni túlsúllyal?	https://pirulakalauz.hu/2021/09/06/fittnek-lenni-tulsullyal/	2021.09.06	27	479	3138	ctrl	False
pir156	Kísérleti oltás - a mumus, amely sosem létezett	https://pirulakalauz.hu/2021/09/01/kiserleti-oltas-a-mumus-amely-sosem-letezett/	2021.09.01	47	880	5713	ctrl	False
pir157	Miért lehet veszélyes a narancshéj?	https://pirulakalauz.hu/2021/08/30/miert-lehet-veszelyes-a-narancshej/	2021.08.30	26	544	3816	ctrl	False
pir158	Debrecenben mindenki doktor	https://pirulakalauz.hu/2021/08/24/debrecenben-mindenki-doktor/	2021.08.24	47	736	3985	ctrl	False
pir159	Csak minden tizenötödik kommentelő képes az álhírek azonosítására?	https://pirulakalauz.hu/2021/08/11/csak-minden-tizenotodik-kommentelo-kepes-az-alhirek-azonositasara/	2021.08.11	27	386	2159	ctrl	False
pir160	A ketogén étrend nem alkalmas a test zsírtartalmának csökkentésére	https://pirulakalauz.hu/2021/08/09/a-ketogen-etrend-nem-alkalmas-a-test-zsirtartalmanak-csokkentesere/	2021.08.09	39	1137	7746	ctrl	False
pir161	Szakmai ajánlás a harmadik oltással kapcsolatban	https://pirulakalauz.hu/2021/08/05/szakmai-ajanlas-a-harmadik-oltassal-kapcsolatban/	2021.08.05	39	857	5478	ctrl	False
pir162	Lehetséges a fogyás a kalóriabevitel korlátozása nélkül is?	https://pirulakalauz.hu/2021/07/27/lehetseges-a-fogyas-a-kaloriabevitel-korlatozasa-nelkul-is/	2021.07.27	22	509	3505	ctrl	False
pir163	A gyógyszerreklámok mellékhatásai	https://pirulakalauz.hu/2021/07/20/a-gyogyszerreklamok-mellekhatasai/	2021.07.20	51	1209	7682	ctrl	False
pir164	Parafenoménná tesz a Covid-oltás?	https://pirulakalauz.hu/2021/07/19/parafenomenna-tesz-a-covid-oltas/	2021.07.19	5	83	511	ctrl	False
pir165	Kinek van szüksége a harmadik Covid-oltásra?	https://pirulakalauz.hu/2021/07/16/kinek-van-szuksege-a-harmadik-covid-oltasra/	2021.07.16	33	767	5063	ctrl	False
pir166	Napi 1500 méter is megteszi – mozgással a gyermekkori depresszió ellen	https://pirulakalauz.hu/2021/07/14/napi-1500-meter-is-megteszi-mozgassal-a-gyermekkori-depresszio-ellen/	2021.07.14	33	664	4331	ctrl	False
pir167	Rostfogyasztás: minél több, annál jobb	https://pirulakalauz.hu/2021/07/09/rostfogyasztas-minel-tobb-annal-jobb/	2021.07.09	26	623	4361	ctrl	False
pir168	Semmelweis kellemetlen öröksége: a Semmelweis-reflex	https://pirulakalauz.hu/2021/07/01/semmelweis-kellemetlen-oroksege-a-semmelweis-reflex/	2021.07.01	25	508	3354	ctrl	False
pir169	Vérhígító és gyógynövények: a warfarin-dosszié	https://pirulakalauz.hu/2021/06/29/verhigito-es-gyogynovenyek-a-warfarin-dosszie/	2021.06.29	69	1471	9800	ctrl	False
pir170	Nem muszáj korlátozni a kávézást kánikula idején	https://pirulakalauz.hu/2021/06/18/nem-muszaj-korlatozni-a-kavezast-kanikula-idejen/	2021.06.18	18	376	2298	ctrl	False
pir171	Együnk a magas vérnyomás ellen	https://pirulakalauz.hu/2021/06/17/egyunk-a-magas-vernyomas-ellen/	2021.06.17	54	995	6895	ctrl	False
pir172	Kéjgáz depresszió ellen – a nevetés tényleg gyógyít?	https://pirulakalauz.hu/2021/06/15/kejgaz-depresszio-ellen-a-nevetes-tenyleg-gyogyit/	2021.06.15	22	437	2933	ctrl	False
pir173	A rendszeresség fontosabb, mint az intenzitás – így sportold magad egészségesre	https://pirulakalauz.hu/2021/06/14/a-rendszeresseg-fontosabb-mint-az-intenzitas-igy-sportold-magad-egeszsegesre/	2021.06.14	42	684	4458	ctrl	False
pir174	Az üdítők és energiaitalok nem csak az elhízás kockázatát fokozzák	https://pirulakalauz.hu/2021/06/09/az-uditok-es-energiaitalok-nem-csak-az-elhizas-kockazatat-fokozzak/	2021.06.09	19	421	2896	ctrl	False
pir175	Miért ne vegyünk fogyasztószert a gyógyszertárban?	https://pirulakalauz.hu/2021/06/07/miert-ne-vegyunk-fogyasztoszert-a-gyogyszertarban/	2021.06.07	32	630	4145	ctrl	False
pir176	Édesburgonya: nem gyógyít meg, de egészséges	https://pirulakalauz.hu/2021/06/04/edesburgonya-nem-gyogyit-meg-de-egeszseges/	2021.06.04	34	672	4650	ctrl	False
pir177	Az első lépések az életre szóló védelmet nyújtó influenzaoltás felé	https://pirulakalauz.hu/2021/06/02/az-elso-lepesek-az-eletre-szolo-vedelmet-nyujto-influenzaoltas-fele/	2021.06.02	14	395	2807	ctrl	False
pir178	Paracetamol a várandósság alatt: hiperaktivitást és autizmust okozhat	https://pirulakalauz.hu/2021/06/01/paracetamol-a-varandossag-alatt-hiperaktivitast-es-autizmust-okozhat/	2021.06.01	18	479	3362	ctrl	False
pir179	Crohn-betegség és colitis ulcerosa: egy összehasonlító vizsgálat biztató eredményei	https://pirulakalauz.hu/2021/05/31/crohn-betegseg-es-colitis-ulcerosa-egy-osszehasonlito-vizsgalat-biztato-eredmenyei/	2021.05.31	13	309	2186	ctrl	False
pir180	Nem véletlen, tendencia: a betiltott étrend-kiegészítők 96%-a CBD-tartalmú	https://pirulakalauz.hu/2021/05/29/nem-veletlen-tendencia-a-betiltott-etrend-kiegeszitok-96-a-cbd-tartalmu/	2021.05.29	244	1000	7308	ctrl	False
pir181	Az EU gyógyszerhatósága javasolja a 12 év fölötti gyermekek oltását a Pfizer vakcinájával	https://pirulakalauz.hu/2021/05/28/az-eu-gyogyszerhatosaga-javasolja-a-12-ev-folotti-gyermekek-oltasat-a-pfizer-vakcinajaval/	2021.05.28	12	295	1836	ctrl	False
pir182	Szotrovimab: új gyógyszer a Covid-19 kezelésére	https://pirulakalauz.hu/2021/05/28/szotrovimab-uj-gyogyszer-a-covid-19-kezelesere/	2021.05.28	14	338	2304	ctrl	False
pir183	15 tuti diétás tipp - a tudomány ajánlásával	https://pirulakalauz.hu/2021/05/27/15-tuti-dietas-tipp-a-tudomany-ajanlasaval/	2021.05.27	48	810	5159	ctrl	False
pir184	Útmutató a brokkolizáshoz	https://pirulakalauz.hu/2021/05/26/utmutato-a-brokkolizashoz/	2021.05.26	22	460	3187	ctrl	False
pir185	Használhatóak-e fémeszközök a teakészítéshez?	https://pirulakalauz.hu/2021/05/21/hasznalhatoak-e-femeszkozok-a-teakesziteshez/	2021.05.21	37	735	4532	ctrl	False
pir186	Már a bodza is hamisított?	https://pirulakalauz.hu/2021/05/19/mar-a-bodza-is-hamisitott/	2021.05.19	20	481	2954	ctrl	False
pir187	A bogyós gyümölcsök szerepe a mentális egészség megőrzésében	https://pirulakalauz.hu/2021/05/17/demencia-polifenol-antocian/	2021.05.17	28	645	4574	ctrl	False
pir188	Avokádó, az abszolút szuperélelmiszer?	https://pirulakalauz.hu/2021/05/12/avokado-az-abszolut-szuperelelmiszer/	2021.05.12	32	540	3681	ctrl	False
pir189	Feketelistán a titán-dioxid	https://pirulakalauz.hu/2021/05/10/feketelistan-a-titan-dioxid/	2021.05.10	27	618	4141	ctrl	False
pir190	CBD, végállomás?	https://pirulakalauz.hu/2021/05/06/cbd-vegallomas/	2021.05.06	85	1826	11749	ctrl	False
pir191	Nemcsak táplál, hanem gyulladást is csökkent a kinoa	https://pirulakalauz.hu/2021/05/03/nemcsak-taplal-hanem-gyulladast-is-csokkent-a-kinoa/	2021.05.03	1	9	52	ctrl	False
pir192	Ami a Covid-19 után jöhet - a betegség hosszú távú szövődményei	https://pirulakalauz.hu/2021/04/30/ami-a-covid-19-utan-johet-a-betegseg-hosszu-tavu-szovodmenyei/	2021.04.30	22	571	3782	ctrl	False
pir193	Léteznek-e szuperélelmiszerek?	https://pirulakalauz.hu/2021/04/27/leteznek-e-szuperelelmiszerek/	2021.04.27	60	1162	7832	ctrl	False
pir194	Kannabidiol (CBD): hol tart a tudomány?	https://pirulakalauz.hu/2021/04/26/kannabidiol-cbd-hol-tart-a-tudomany/	2021.04.26	70	1501	9545	ctrl	False
pir195	Okos teraszozás Covid idején- az indiai példa tanulságai	https://pirulakalauz.hu/2021/04/25/okos-teraszozas-covid-idejen-az-indiai-pelda-tanulsagai/	2021.04.25	32	621	3682	ctrl	False
pir196	Covid-oltások hatásossága és biztonságossága – itt vannak az első hazai adatok	https://pirulakalauz.hu/2021/04/25/covid-oltasok-hatasossaga-es-biztonsagossaga-itt-vannak-az-elso-hazai-adatok/	2021.04.25	20	495	3204	ctrl	False
pir197	Tehéntejalapú tápszer: fontos az időzítés	https://pirulakalauz.hu/2021/04/23/tehentejalapu-tapszer-fontos-az-idozites/	2021.04.23	15	372	2454	ctrl	False
pir198	Nem minden teljes kiőrlésű, ami annak tűnik	https://pirulakalauz.hu/2021/04/22/nem-minden-teljes-kiorlesu-ami-annak-tunik/	2021.04.22	29	645	4074	ctrl	False
pir199	Mit tehetünk, ha epilepsziás rohamot látunk?	https://pirulakalauz.hu/2021/04/21/mit-tehetunk-ha-epilepszias-rohamot-latunk/	2021.04.21	47	873	5116	ctrl	False
pmo001	Világnap – stratégia nélkül	http://medicalonline.hu/cikk/vilagnap__strategia_nelkul	2016.04.07	30	1042	6910	ctrl	True
pmo002	Véradásra biztatnak fiatal plakáttervező grafikusok	http://medicalonline.hu/kitekinto/cikk/veradasra_biztatnak_fiatal_plakattervezo_grafikusok	2022.11.25	14	353	2318	ctrl	True
pmo003	A kormány nem tervezi meghosszabbítani a kifizetési stopot	http://medicalonline.hu/eu_gazdasag/cikk/a_kormany_nem_tervezi_meghosszabbitani_a_kifizetesi_stopot	2022.10.26	11	302	2034	ctrl	True
pmo004	EBP: pénz érkezik a fővárosba	http://medicalonline.hu/cikk/ebp__penz_erkezik_a_fovarosba	2021.07.06	6	135	996	ctrl	True
pmo005	Az EIT Health Wild Card programja idén is várja a start-upok jelentkezését	http://medicalonline.hu/cikk/az_eit_health_wild_card_programja_iden_is_varja_a_start_upok_jelentkezeset	2021.02.10	3	97	643	ctrl	True
pmo006	A vörösöknek jobban fáj?	http://medicalonline.hu/cikk/a_vorosoknek_jobban_faj_	2011.02.26	22	458	2766	ctrl	True
pmo007	Halálba segítették a 104 éves ausztrál tudóst	http://medicalonline.hu/kitekinto/cikk/halalba_segitettek_a_104_eves_ausztral_tudost	2018.05.10	11	218	1310	ctrl	True
pmo008	Talán javítható a szerencsejátékosok agya	http://medicalonline.hu/cikk/talan_javithato_a_szerencsejatekosok_agya	2014.04.12	15	433	2811	ctrl	True
pmo009	Már 1555-ön várnak Orbán Viktor személyes ítéletére	http://medicalonline.hu/cikk/mar_1555_on_varnak_orban_viktor_iteletere	2013.02.22	7	155	1039	ctrl	True
pmo010	Medical home: késik a nagy siker	http://medicalonline.hu/cikk/medical_home__kesik_a_nagy_siker	2014.04.01	5	143	937	ctrl	True
pmo011	Levelet írt az OEP az orvosoknak, s a betegeknek	http://medicalonline.hu/cikk/levelet_irt_az_oep_az_orvosoknak__s_a_betegeknek	2014.02.03	6	141	965	ctrl	True
pmo012	Szeptember 15-e, a Limfóma Világnapja	http://medicalonline.hu/gyogyitas/cikk/szeptember_15_e__a_limfoma_vilagnapja	2021.09.15	32	629	4301	ctrl	True
pmo013	Érkezhet a szmogriadó Budapesten	http://medicalonline.hu/cikk/erkezhet_a_szmogriado_budapesten	2020.02.10	9	353	2415	ctrl	True
pmo014	Újabb negyedév újabb fixesítés	http://medicalonline.hu/cikk/ujabb_negyedev_ujabb_fixesites	2011.02.07	7	149	1073	ctrl	True
pmo015	A bűne: magánszolgáltató	http://medicalonline.hu/cikk/a_bune__maganszolgaltato	2017.06.02	15	463	3106	ctrl	True
pmo016	Jól vizsgáztak a fertőzöttek kiszűrésére betanított rendőrkutyák	http://medicalonline.hu/kitekinto/cikk/jol_vizsgaztak_a_fertozottek_kiszuresere_betanitott_rendorkutyak	2021.04.28	6	154	1137	ctrl	True
pmo017	Tehermentesíti az új rendelő a János kórházat	http://medicalonline.hu/eu_gazdasag/cikk/tehermentesiti_az_uj_rendelo_a_janos_korhazat	2018.10.02	9	264	1833	ctrl	True
pmo018	Mozdulj, Doktor!	http://medicalonline.hu/eu_gazdasag/cikk/mozdulj__doktor	2013.06.17	5	65	443	ctrl	True
pmo019	Gyógyszerreklámozó weblapok: melyik a leghatékonyabb site?	http://medicalonline.hu/cikk/gyogyszerreklamozo_weblapok__melyik_a_leghatekonyabb_site_	2011.02.28	11	250	1742	ctrl	True
pmo020	Januártól norvég mentőhelikopterek repülnek (Bővítve!)	http://medicalonline.hu/eu_gazdasag/cikk/januartol_norveg_mentohelikopterek_repulnek	2019.12.30	20	445	2980	ctrl	True
pmo021	Józsefváros tiltakozik a szakrendelők államosítása ellen	http://medicalonline.hu/eu_gazdasag/cikk/jozsefvaros_tiltakozik_a_szakrendelok_allamositasa_ellen	2022.11.25	5	189	1273	ctrl	True
pmo022	Mentális betegek kóborolnak az utcákon	http://medicalonline.hu/cikk/mentalis_betegek_koborolnak_az_utcakon	2014.10.18	15	348	2223	ctrl	True
pmo023	A traumás agysérülések és a demencia	http://medicalonline.hu/cikk/a_traumas_agyserulesek_novelhetik_a_demencia_kockazatat	2018.04.12	14	448	2989	ctrl	True
pmo024	Nincs előrelépés, munkát lassítanak a fogorvosok	http://medicalonline.hu/cikk/nincs_elorelepes__munkat_lassitanak_a_fogorvosok	2017.08.31	5	134	851	ctrl	True
pmo025	Ingyen internet jön a digitális oktatásban tanulóknak	http://medicalonline.hu/cikk/ingyen_internet_jon_a_digitalis_oktatasban_tanuloknak	2020.11.14	6	155	1060	ctrl	True
pmo026	Egy transzparens, minőségi ellátásra törekvő rendszer visszaadhatja a betegek bizalmát	http://medicalonline.hu/cikk/egy_transzparens__minosegi_ellatasra_torekvo_rendszer_visszaadhatja_a_betegek_bizalmat	2022.03.17	35	1202	8382	ctrl	True
pmo027	Zikától az influenzáig	http://medicalonline.hu/cikk/zikatol_az_influenzaig	2016.02.01	16	378	2261	ctrl	True
pmo028	Mire jó naponta fél-három csésze kávé?	http://medicalonline.hu/cikk/mire_jo_naponta_fel_harom_csesze_kave	2022.02.07	19	584	3886	ctrl	True
pmo029	Négy tapasz készül az egészségügy négy sebére	http://medicalonline.hu/cikk/negy_tapasz_keszul_az_egeszsegugy_negy_sebere	2012.07.03	19	441	3023	ctrl	True
pmo030	Hetet egy csapásra - módosít az egészségügyi tárca	http://medicalonline.hu/cikk/hetet_egy_csapasra___modosit_az_egeszsegugyi_tarca	2013.10.16	3	125	919	ctrl	True
pmo031	Van megfigyelő kamera, de nincs, aki nézze	http://medicalonline.hu/cikk/van_megfigyelo_kamera__de_nincs__aki_nezze	2012.07.18	8	272	1831	ctrl	True
pmo032	Joghézagban épülnek az egészségügyi adatmegosztók	http://medicalonline.hu/cikk/joghezagban_epulnek_az_egeszsegugyi_adatmegosztok	2013.09.10	7	159	1101	ctrl	True
pmo033	Bíróságra mennek a TEK nélküliek	http://medicalonline.hu/cikk/birosagra_mennek_a_tek_nelkuli_haziorvosok	2017.03.14	12	337	2452	ctrl	True
pmo034	Az USA-ban már elfogadott a távfelügyelet	http://medicalonline.hu/cikk/az_usa_ban_mar_elfogadott_a_tavfelugyelet	2011.12.18	14	304	2100	ctrl	True
pmo035	Hogyan orvosolnánk az orvoslást?	http://medicalonline.hu/eu_gazdasag/cikk/hogyan_orvosolnank_az_orvoslast	2018.01.25	72	1924	12589	ctrl	True
pmo036	Fókuszban a vénás betegség	http://medicalonline.hu/cikk/fokuszban_a_venas_betegseg	2020.07.24	56	1289	8275	ctrl	True
pmo037	Átgondolt államosítás kell	http://medicalonline.hu/cikk/atgondolt_allamositas_kell	2010.10.07	11	289	1959	ctrl	True
pmo038	Jön a front, ugrik a vérnyomás	http://medicalonline.hu/cikk/jon_a_front__ugrik_a_vernyomas	2014.03.15	7	111	793	ctrl	True
pmo039	Kiépült a napelemes rendszer a Szent János Kórházban	http://medicalonline.hu/cikk/kiepult_a_napelemes_rendszer_a_szent_janos_korhazban	2018.03.05	9	225	1592	ctrl	True
pmo040	Nem csillapodik az állam étvágya	http://medicalonline.hu/cikk/nem_csillapodik_az_allam_etvagya	2013.03.23	10	189	1165	ctrl	True
pmo041	Áramlási citometria a klinikai patológiában	http://medicalonline.hu/haziorvostan/cikk/aramlasi_citometria_a_klinikai_patologiaban	2015.05.29	55	913	6433	ctrl	True
pmo042	Palkovics szerint impozáns jövő előtt áll a felsőoktatás	http://medicalonline.hu/cikk/palkovics_szerint_impozans_jovo_elott_all_a_felsooktatas	2021.09.01	28	912	6176	ctrl	True
pmo043	Meghosszabbították Geréb Ágnes előzetes letartóztatását	http://medicalonline.hu/cikk/meghosszabbitottak_gereb_agnes_elozetes_letartoztatasat	2010.11.08	22	741	4718	ctrl	True
pmo044	A tudomány zsákutcái	http://medicalonline.hu/cikk/a_tudomany_zsakutcai	2008.12.20	121	2624	16344	ctrl	True
pmo045	A rossz kommunikációval is árthat az orvos a betegnek	http://medicalonline.hu/cikk/a_rossz_kommunikacioval_is_arthat_az_orvos_a_betegnek	2022.11.08	29	589	3657	ctrl	True
pmo046	Egységes etikai kódex a magyarországi gyógyszeriparban	http://medicalonline.hu/cikk/egyseges_etikai_kodex_a_magyarorszagi_gyogyszeriparban	2012.05.14	11	322	2245	ctrl	True
pmo047	Igya magát fürgeagyú nagypapává!	http://medicalonline.hu/cikk/igya_magat_furgeagyu_nagypapava	2013.05.14	7	125	873	ctrl	True
pmo048	500-szor jobb gyorsteszt	http://medicalonline.hu/cikk/500_szor_jobb_gyorsteszt	2011.09.17	9	231	1543	ctrl	True
pmo049	A konverziós zavarok lehetséges neurobiológiai háttere és kezelési alapelvei	http://medicalonline.hu/cikk/a_konverzios_zavarok_lehetseges_neurobiologiai_hattere_es_kezelesi_alapelvei	2020.06.09	74	1416	9765	ctrl	True
pmo050	Újabb remény a szélütés kezelésében	http://medicalonline.hu/cikk/ujabb_remeny_a_szelutes_kezeleseben	2012.10.13	12	216	1455	ctrl	True
pmo051	Rendbe tették a sürgősségi ellátást?	http://medicalonline.hu/eu_gazdasag/cikk/rendbe_tettek_a_surgossegi_ellatast	2019.06.06	12	342	2148	ctrl	True
pmo052	Megállt a koronavírus-koncentráció csökkenése a szennyvízben	http://medicalonline.hu/cikk/megallt_a_koronavirus_koncentracio_csokkenese_a_szennyvizben	2021.05.04	5	94	693	ctrl	True
pmo053	Három pontos javaslatcsomag az innovatív gyógyszergyártóktól	http://medicalonline.hu/cikk/aipm__a_gyogyszerkassza_megerositesevel_mar_rovid_tavon_javulhatnak_a_magyarok_eletkilatasai	2019.04.25	38	999	7505	ctrl	True
pmo054	A beteg hasnyálmirigyből kiszerelve mentették meg az inzulingyárat	http://medicalonline.hu/gyogyitas/cikk/a_beteg_hasnyalmirigybol_kiszerelve_mentettek_meg_az_inzulingyarat	2013.08.22	7	145	1039	ctrl	True
pmo055	A magyarok szerint az anyatej a legjobb a csecsemő táplálására	http://medicalonline.hu/kitekinto/cikk/a_magyarok_szerint_az_anyatej_a_legjobb_a_csecsemo_taplalasara	2022.08.01	18	498	3151	ctrl	True
pmo056	Feltérképezték a vírus útját Magyarországra	http://medicalonline.hu/cikk/felterkepeztek_a_virus_utjat_magyarorszagra	2020.05.12	11	212	1508	ctrl	True
pmo057	Baktériumrezisztencia: festik a jövőt	http://medicalonline.hu/cikk/bakteriumrezisztencia__festik_a_jovot	2013.11.26	8	190	1310	ctrl	True
pmo058	Gratulálunk! (Frissítve!)	http://medicalonline.hu/cikk/gratulalunk	2016.03.11	49	973	6942	ctrl	True
pmo059	Elvették a gyógyításból „megspórolt” összeget	http://medicalonline.hu/cikk/elvettek_a_gyogyitasbol_megsporolt_osszeget	2013.08.27	9	212	1540	ctrl	True
pmo060	Öt százalék felett egy amerikai alap az Egis-ben	http://medicalonline.hu/cikk/ot_szazalek_felett_egy_amerikai_alap_az_egis_ben	2011.07.02	17	104	729	ctrl	True
pmo061	Hosszú távon a járványnak nincs hatása a klímaváltozásra	http://medicalonline.hu/cikk/hosszu_tavon_a_jarvanynak_nincs_hatasa_a_klimavaltozasra	2021.03.08	13	318	2246	ctrl	True
pmo062	Az összes kórházát felújítja Bécs a következő években	http://medicalonline.hu/kitekinto/cikk/az_osszes_korhazat_felujitja_becs_a_kovetkezo_nyolc_evben	2022.06.09	13	304	2071	ctrl	True
pmo063	Mit kíván a magyar orvos?	http://medicalonline.hu/cikk/mit_kivan_a_magyar_orvos	2018.05.29	19	689	4471	ctrl	True
pmo064	Jó lesz ez így?	http://medicalonline.hu/adatgyujtes/cikk/jo_lesz_ez_igy	2016.07.18	15	385	2614	ctrl	True
pmo065	Visszavonják a pénztártörvényt (frissítve: 2008. 05. 05. 15.15)	http://medicalonline.hu/cikk/visszavonjak_a_penztartorvenyt_(frissitve__2008__05__05__15_15)	2008.05.05	11	262	1779	ctrl	True
pmo066	Januárra is megkapták a praxisok a 130 ezer forintot	http://medicalonline.hu/cikk/januarra_is_megkaptak_a_praxisok_a_130_ezer_forintot	2015.02.02	26	703	4816	ctrl	True
pmo067	Oroszországban megtorpant az esetszám növekedése	http://medicalonline.hu/kitekinto/cikk/oroszorszagban_megtorpant_az_esetszam_novekedese	2022.02.08	48	1035	6781	ctrl	True
pmo068	Életműdíjat kapott a „sugaras” ember	http://medicalonline.hu/cikk/eletmudijat_kapott_a_sugaras_ember	2018.04.16	23	699	4808	ctrl	True
pmo069	Pro Universitate Életműdíjjal tüntették ki dr. Gera Istvánt	http://medicalonline.hu/kitekinto/cikk/pro_universitate_eletmudijjal_tuntettek_ki_dr__gera_istvant	2022.10.29	29	859	5693	ctrl	True
pmo070	Az egészségturizmusról tárgyaltak	http://medicalonline.hu/cikk/az_egeszsegturizmusrol_targyaltak	2016.06.29	11	308	2188	ctrl	True
pmo071	Mosoda a kórházban, lelet a felhőben	http://medicalonline.hu/cikk/mosoda_a_korhazban__lelet_a_felhoben	2017.10.25	10	218	1432	ctrl	True
pmo072	Pollenhelyzet: virágoznak a pázsitfüvek	http://medicalonline.hu/cikk/pollenhelyzet__viragoznak_a_pazsitfuvek	2018.05.04	7	177	1156	ctrl	True
pmo073	György István: Továbbra is sikeres az oltási akció	http://medicalonline.hu/cikk/gyorgy_istvan__tovabbra_is_sikeres_az_oltasi_akcio	2022.01.18	25	529	3372	ctrl	True
pmo074	A leptin segíti a vérmérgezés elleni védelmet	http://medicalonline.hu/cikk/a_leptin_segiti_a_vermergezes_elleni_vedelmet	2010.05.04	10	239	1749	ctrl	True
pmo075	Online bőrgyógyászati alkalmazás segített a betegellátásban	http://medicalonline.hu/cikk/online_borgyogyaszati_alkalmazas_segitett_a_betegellatasban	2021.03.17	24	674	4582	ctrl	True
pmo076	Novák: A kormány továbbra is segíti a meddőséggel küzdő párokat	http://medicalonline.hu/eu_gazdasag/cikk/novak__a_kormany_tovabbra_is_segiti_a_meddoseggel_kuzdo_parokat	2020.10.19	22	511	3328	ctrl	True
pmo077	Új ízületek növesztése nyulakban	http://medicalonline.hu/cikk/uj_izuletek_novesztese_nyulakban	2010.07.29	14	264	1783	ctrl	True
pmo078	Az írek népszavaznak az abortusztilalomról	http://medicalonline.hu/cikk/az_irek_nepszavaznak_az_abortusztilalomrol	2018.01.30	9	219	1522	ctrl	True
pmo079	Megkétszerezték a Covidea ötlet- és startup verseny díjazását	http://medicalonline.hu/eu_gazdasag/cikk/megketszereztek_a_covidea_otlet__es_startup_verseny_dijazasat	2020.07.05	8	221	1563	ctrl	True
pmo080	Háromszor egymillió forint a tét	http://medicalonline.hu/cikk/haromszor_egymillio_forint_a_tet	2019.07.03	11	213	1340	ctrl	True
pmo081	Sok esetben diszkriminatív az egészségügyi ellátás	http://medicalonline.hu/cikk/sok_esetben_diszkriminativ_az_egeszsegugyi_ellatas	2022.04.27	18	416	2674	ctrl	True
pmo082	Rendeletdömping zúdul a gyógyszerpiacra	http://medicalonline.hu/cikk/rendeletdomping_zudul_a_gyogyszerpiacra	2012.01.02	30	751	5261	ctrl	True
pmo083	Kromonok segíthetnek az Alzheimer-kór leküzdésében	http://medicalonline.hu/cikk/kromonok_segithetnek_az_alzheimer_kor_lekuzdeseben	2018.11.19	15	272	1941	ctrl	True
pmo084	Bátraké a bevétel	http://medicalonline.hu/cikk/batrake_a_bevetel	2015.04.30	9	188	1263	ctrl	True
pmo085	A rezidensprogram módosításával a meghirdetett helyek többsége betelhet (frissítve)	http://www.medicalonline.hu/cikk/a_rezidensprogram_modositasaval_a_meghirdetett_helyek_tobbsege_betelhet	2011.09.10	16	410	2869	ctrl	True
pmo086	Égető a szakemberhiány Budapesten	http://medicalonline.hu/cikk/egeto_a_szakemberhiany_budapesten	2019.05.13	14	289	1735	ctrl	True
pmo087	Külföldi állások radiológusoknak Írországban, Svájcban, Lengyelországban, Bosznia-Hercegovinában	http://medicalonline.hu/cikk/kulfoldi_allasok_radiologusoknak_irorszagban__svajcban__lengyelorszagban__bosznia_hercegovinaban	2013.09.02	15	161	1183	ctrl	True
pmo088	Orvosi technológiák fejlesztői találkoztak Tel-Avivban	http://medicalonline.hu/cikk/orvosi_technologiak_fejlesztoi_talalkoztak_tel_avivban	2019.12.13	13	261	1969	ctrl	True
pmo089	Engedett a kormány a gyógyszergyáraknak	http://medicalonline.hu/cikk/engedett_a_kormany_a_gyogyszergyaraknak	2011.07.30	32	257	1634	ctrl	True
pmo090	Megvan az első központosított gyógyszertender eredménye	http://medicalonline.hu/eu_gazdasag/cikk/megvan_az_elso_kozpontositott_gyogyszertender_eredmenye	2013.05.28	62	713	4587	ctrl	True
pmo091	Otthon sem dohányozhatnának a hondurasiak	http://medicalonline.hu/cikk/otthon_sem_dohanyozhatnanak_a_hondurasiak	2011.02.22	11	234	1476	ctrl	True
pmo092	Ipari gyógyszerészet	http://medicalonline.hu/szakmai_kollegium/cikk/ipari_gyogyszereszet	2011.06.01	15	121	999	ctrl	True
pmo093	Egy nagyon jó hír a nőknek	http://medicalonline.hu/cikk/egy_nagyon_jo_hir_a_noknek	2012.01.20	22	529	3169	ctrl	True
pmo094	Összefüggés a magas TMAO-szint és a paleoétrend között	http://medicalonline.hu/cikk/osszefugges_a_magas_tmao_szint_es_a_paleoetrend_kozott	2019.07.24	20	416	2613	ctrl	True
pmo095	Rájöttek a koronavírus-vakcinák okozta ritka vérrögképződés okára	http://medicalonline.hu/cikk/rajottek_a_koronavirus_vakcinak_okozta_ritka_verrogkepzodes_okara	2022.05.05	8	189	1301	ctrl	True
pmo096	Nőtt a munkabalesetek száma	http://medicalonline.hu/eu_gazdasag/cikk/nott_a_munkabalesetek_szama	2018.12.07	14	300	1989	ctrl	True
pmo097	Kásler: Korrekt volt Karikó Katalin megjegyzése	http://medicalonline.hu/cikk/kasler__korrekt_volt_kariko_katalin_megjegyzese	2021.05.01	23	397	2504	ctrl	True
pmo098	A jól ivás gyógyít, a sietős öl	http://medicalonline.hu/cikk/a_jo_ivas_gyogyit__a_sietos_ol	2012.06.05	16	316	2028	ctrl	True
pmo099	Öt év a légi betegszállításban	http://medicalonline.hu/cikk/ot_ev_a_legi_betegszallitasban	2020.03.12	18	487	3311	ctrl	True
pmo100	Mortalitás nem-kardiológiai műtét után	http://medicalonline.hu/gyogyitas/cikk/mortalitas_nem_kardiologiai_mutet_utan	2018.09.04	15	495	3380	ctrl	True
pmo101	Hamarosan dönt a kormány a nemzeti konzultáció eredményei alapján	http://medicalonline.hu/eu_gazdasag/cikk/hamarosan_dont_a_kormany_a_nemzeti_konzultacio_eredmenyei_alapjan	2021.09.07	20	580	3965	ctrl	True
pmo102	A kibertámadásokról indít podcastet a Nemzeti Kibervédelmi Intézet	http://medicalonline.hu/cikk/a_kibertamadasokrol_indit_podcastet_a_nemzeti_kibervedelmi_intezet	2020.09.22	7	129	937	ctrl	True
pmo103	Új lehetséges irány az Alzheimer-kór kezelésében	http://medicalonline.hu/cikk/uj_lehetseges_irany_az_alzheimer_kor_kezeleseben	2018.09.25	14	334	2309	ctrl	True
pmo104	Közel megnégyszereződött a pozitív tesztek aránya Budapesten	http://medicalonline.hu/cikk/kozel_megnegyszerezodott_a_pozitiv_tesztek_aranya_budapesten	2021.03.02	6	132	913	ctrl	True
pmo105	Fotoakusztikus képalkotó módszer csontrák precíziós kontúrozására	http://medicalonline.hu/gyogyitas/cikk/fotoakusztikus_kepalkoto_modszer_csontrak_precizios_konturozasara	2022.10.10	9	216	1477	ctrl	True
pmo106	A részvétnyilvánítás tudománya	http://medicalonline.hu/cikk/a_reszvetnyilvanitas_tudomanya	2016.06.15	21	697	4521	ctrl	True
pmo107	Magas tápértékű funkcionális élelmiszer	http://medicalonline.hu/tudomany/cikk/magas_taperteku_funkcionalis_elelmiszer	2018.09.17	302	4584	29681	ctrl	True
pmo108	Menekültek az orvosnál: utat mutatott az OEP	http://medicalonline.hu/cikk/menekultek_az_orvosnal__utat_mutatott_az_oep	2015.07.23	18	400	2674	ctrl	True
pmo109	Miért nem akkreditáltak a hazai orvosi diagnosztikai laboratóriumok?	http://medicalonline.hu/cikk/miert_nem_akkreditaltak_a_hazai_orvosi_diagnosztikai_laboratoriumok	2015.09.18	51	1500	11293	ctrl	True
pmo110	Kajajogsival az egészséges táplálkozásért	http://medicalonline.hu/kitekinto/cikk/kajajogsival_az_egeszseges_taplalkozasert	2022.10.18	16	307	2059	ctrl	True
pmo111	Nyolc óra előny kell az influenzavírusnak	http://medicalonline.hu/cikk/nyolc_ora_elony_kell_az_influenzavirusnak	2013.01.23	11	301	1769	ctrl	True
pmo112	Csapdának érzik a rezidensek az ösztöndíjrendszert	http://medicalonline.hu/cikk/csapdanak_erzik_a_rezidensek_az_osztondijrendszert	2014.11.04	18	611	4014	ctrl	True
pmo113	Fiatal, magyar kardiológusok a világ legjobbjai között	http://medicalonline.hu/cikk/fiatal__magyar_kardiologusok_a_vilag_legjobbjai_kozott	2018.06.26	27	731	4707	ctrl	True
pmo114	A vibráció nem befolyásolja a csontok sűrűségét	http://medicalonline.hu/cikk/a_vibracio_nem_befolyasolja_a_csontok_suruseget	2011.12.12	15	307	2082	ctrl	True
pmo115	Már több mint 350-en jelentkeztek vérplazmadonornak	http://medicalonline.hu/cikk/mar_tobb_mint_350_en_jelentkeztek_verplazmadonornak	2020.11.23	7	188	1238	ctrl	True
pmo116	Rektort választ a Semmelweis Egyetem	http://medicalonline.hu/cikk/rektort_valaszt_a_semmelweis_egyetem	2015.02.24	52	1508	10754	ctrl	True
pmo117	Ingyenes rendelés szegényeknek	http://medicalonline.hu/kitekinto/cikk/ingyenes_rendeles_szegenyeknek	2018.11.12	14	311	2082	ctrl	True
pmo118	Félmilliót fizethet, aki nem megy el orvoshoz	http://medicalonline.hu/cikk/felmilliot_fizethet__aki_nem_megy_el_orvoshoz	2012.05.28	14	252	1600	ctrl	True
pmo119	A teljes hazai lakosság vizsgálatára még várni kell	http://medicalonline.hu/cikk/a_teljes_hazai_lakossag_vizsgalatara_meg_varni_kell	2009.04.22	30	797	5528	ctrl	True
pmo120	A veszélyhelyzet veszélyei	http://medicalonline.hu/cikk/a_veszelyhelyzet_veszelyei	2016.05.09	9	173	1222	ctrl	True
pmo121	Szigorítják a patikanyitást, korlátozzák a versenyt	http://medicalonline.hu/cikk/szigoritjak_a_patikanyitast__korlatozzak_a_versenyt	2010.06.18	35	786	5297	ctrl	True
pmo122	Mestervizsgák	http://medicalonline.hu/eu_gazdasag/cikk/mestervizsgak	2014.10.30	4	59	404	ctrl	True
pmo123	A kávépörkölés árt a fogyókúrának	http://medicalonline.hu/cikk/a_kaveporkoles_art_a_fogyokuranak	2012.03.30	8	162	1096	ctrl	True
pmo124	Összemérték, mire képes a magyar egészségügy	http://medicalonline.hu/cikk/osszemertek__mire_kepes_a_magyar_egeszsegugy	2015.06.29	13	340	2108	ctrl	True
pmo125	Változnak a lejáró okmányokkal kapcsolatos szabályok	http://medicalonline.hu/cikk/valtoznak_a_lejaro_okmanyokkal_kapcsolatos_szabalyok	2021.12.30	7	183	1230	ctrl	True
pmo126	Az Országos Mentőszolgálathoz kerül a betegszállítás irányítása	http://medicalonline.hu/cikk/az_orszagos_mentoszolgalathoz_kerul_a_betegszallitas_iranyitasa	2010.12.11	13	266	2072	ctrl	True
pmo127	Nincs tovább!	http://medicalonline.hu/cikk/nincs_tovabb_	2011.09.26	11	178	1230	ctrl	True
pmo128	Megáll az ész! A szomszéd agya irányít...	http://medicalonline.hu/cikk/megall_az_esz__a_szomszed_agya_iranyit	2013.08.31	11	208	1311	ctrl	True
pmo129	Jövő évi költségvetés: a remény rabjai	http://medicalonline.hu/cikk/jovo_evi_koltsegvetes__a_remeny_rabjai	2010.11.10	30	668	4266	ctrl	True
pmo130	Több pénz jut szakfelügyeletre, minőségi szakfőorvosokra	http://medicalonline.hu/cikk/tobb_penz_jut_szakfelugyeletre__minosegi_szakfoorvosokra	2019.07.08	12	340	2566	ctrl	True
pmo131	Vigyázzon, ma nagyobb az esélye az infarktusra!	http://medicalonline.hu/cikk/vigyazzon__ma_nagyobb_az_eselye_az_infarktusra	2013.04.15	5	115	738	ctrl	True
pmo132	Nyugdíjkompenzáció: megint kiderült valami	http://medicalonline.hu/cikk/nyugdijkompenzacio__megint_kiderult_valami	2013.03.25	9	235	1449	ctrl	True
pmo133	Útmutató gyászhelyzetekre	http://medicalonline.hu/cikk/utmutato_gyaszhelyzetekre	2015.10.22	6	144	1081	ctrl	True
pmo134	Diplomaosztó az Egészségtudományi és az Egészségügyi Közszolgálati Karon	http://medicalonline.hu/kitekinto/cikk/diplomaoszto_az_egeszsegtudomanyi_es_az_egeszsegugyi_kozszolgalati_karon	2022.07.11	27	772	5180	ctrl	True
pmo135	Horvátországban és a briteknél is megjelent az omikron	http://medicalonline.hu/cikk/horvatorszagban_es_a_briteknel_is_megjelent_az_omikron	2021.12.07	55	1179	7878	ctrl	True
pmo136	Egészségnevelés kontra elfojtástréning	http://medicalonline.hu/cikk/egeszsegneveles_kontra_elfojtastrening	2015.06.18	6	174	1117	ctrl	True
pmo137	Brit ápolók a Brexit veszélyeiről	http://medicalonline.hu/cikk/brit_apolok_a_brexit_veszelyeirol	2018.08.29	11	389	2690	ctrl	True
pmo138	Ópiumválság Amerikában	http://medicalonline.hu/cikk/opiumvalsag_amerikaban	2017.10.27	13	368	2585	ctrl	True
pmo139	Véget ért a Ritka Betegekkel foglalkozó konferencia	http://medicalonline.hu/eu_gazdasag/cikk/veget_ert_a_ritka_betegekkel_foglalkozo_konferencia	2010.10.19	17	433	3045	ctrl	True
pmo140	A hüvelyben élő Lactobacillusok legfontosabb „fegyvere” a tejsav	http://medicalonline.hu/gyogyitas/cikk/a_huvelyben_elo_lactobacillusok_legfontosabb_fegyvere_a_tejsav	2019.03.13	42	1064	7384	ctrl	True
pmo141	Ott az influenza elleni oltás a háziorvosoknál	http://medicalonline.hu/cikk/ott_az_influenza_elleni_oltas_a_haziorvosoknal	2017.10.24	14	317	2264	ctrl	True
pmo142	Felülvizsgálandó az extrém sportokról szóló szabályozás	http://medicalonline.hu/cikk/szakmailag_megalapozatlan_az_extrem_sportokrol_szolo_szabalyozas	2011.10.17	15	371	2789	ctrl	True
pmo143	Itt nincs háziorvos	http://medicalonline.hu/praxis/cikk/itt_nincs_haziorvos	2017.05.29	14	233	1487	ctrl	True
pmo144	Betegségkapcsolati térkép	http://medicalonline.hu/informatika/cikk/betegsegkapcsolati_terkep	2017.08.04	11	304	2184	ctrl	True
pmo145	Szívbéli meglepetéseket hozott a diabéteszgyógyszer	http://medicalonline.hu/cikk/szivbeli_meglepeteseket_hozott_a_diabeteszgyogyszer	2014.01.03	8	189	1247	ctrl	True
pmo146	Rendkívüli felmérést indított az orvosi kamara	http://medicalonline.hu/eu_gazdasag/cikk/rendkivuli_felmerest_inditott_az_orvosi_kamara	2022.12.01	9	260	1746	ctrl	True
pmo147	Béremelés helyett röghöz kötés	http://medicalonline.hu/cikk/beremeles_helyett_roghoz_kotes	2020.06.08	15	370	2542	ctrl	True
pmo148	Elkezdődött a Magyar tudomány ünnepe	http://medicalonline.hu/cikk/elkezdodott_a_magyar_tudomany_unnepe	2019.11.04	11	293	2001	ctrl	True
pmo149	OECD: a szegényeknek messzebb a segítség	http://medicalonline.hu/cikk/oecd__a_szegenyeknek_messzebb_a_segitseg	2015.01.06	15	315	2267	ctrl	True
pmo150	A növekvő bérigények és az infláció törheti meg a magánegészségügy szárnyalását	http://medicalonline.hu/eu_gazdasag/cikk/a_novekvo_berigenyek_es_az_inflacio_torheti_meg_a_maganegeszsegugy_szarnyalasat	2022.09.07	55	1215	8677	ctrl	True
pmo151	Európai zoonózis-jelentés	http://medicalonline.hu/cikk/europai_zoonozis_jelentes	2009.01.20	18	369	2653	ctrl	True
pmo152	Koronavírus: a bécsi gyerekek 20 százaléka már átesett a fertőzésen	http://medicalonline.hu/cikk/koronavirus__a_becsi_gyerekek_20_szazaleka_mar_atesett_a_fertozesen	2021.11.25	17	350	2191	ctrl	True
pmo153	Génmódosított növény a rák ellen	http://medicalonline.hu/cikk/genmodositott_noveny_a_rak_ellen	2008.07.23	12	238	1619	ctrl	True
pmo154	Újabb ÁSZ-vizsgálat zárult le	http://medicalonline.hu/cikk/ujabb_asz_vizsgalat_zarult_le	2017.03.07	10	203	1558	ctrl	True
pmo155	Így köszöntötte az OKFŐ vezetője az ápolókat	http://medicalonline.hu/cikk/igy_koszontotte_az_okfo_vezetoje_az_apolokat	2021.05.12	3	40	265	ctrl	True
pmo156	Kevesebben gondolják, hogy a hamisítás veszélyes az egészségre	http://medicalonline.hu/cikk/kevesebben_gondoljak__hogy_a_hamisitas_veszelyes_az_egeszsegre	2020.11.19	11	382	2488	ctrl	True
pmo157	A rendszeres kávézás jótékony hatása	http://medicalonline.hu/cikk/a_rendszeres_kavezas_jotekony_hatasa	2019.10.29	18	426	2733	ctrl	True
pmo158	A gyerek bajából kiderülhet a szülő betegsége is	http://medicalonline.hu/cikk/a_gyerek_bajabol_kiderulhet_a_szulo_betegsege_is	2012.01.27	11	205	1362	ctrl	True
pmo159	Egészségkert a kecskeméti kórházban	http://medicalonline.hu/cikk/egeszsegkert_a_kecskemeti_korhazban	2020.06.26	13	415	2866	ctrl	True
pmo160	Kísérleti vérteszt depresszió és bipoláris zavar kimutatására	http://medicalonline.hu/cikk/kiserleti_verteszt_depresszio_es_bipolaris_zavar_kimutatasara	2021.04.22	6	182	1227	ctrl	True
pmo161	Izzadságelemző-karkötő a betegségek felismeréséért	http://medicalonline.hu/cikk/izzadsagelemzo_karkoto_a_betegsegek_felismereseert	2017.04.24	7	167	1172	ctrl	True
pmo162	A gyógyszeripar is bekapcsolható az egészségiparba	http://medicalonline.hu/cikk/a_gyogyszeripar_is_bekapcsolhato_az_egeszsegiparba	2010.08.04	12	269	1977	ctrl	True
pmo163	A bempedoinsav és a sztatinok	http://medicalonline.hu/cikk/a_bempedoinsav_es_a_sztatinok	2019.03.21	26	540	3726	ctrl	True
pmo164	Új embereket venne fel a mentőszolgálat	http://medicalonline.hu/cikk/uj_embereket_venne_fel_a_mentoszolgalat	2015.03.09	3	56	365	ctrl	True
pmo165	Fluorokinolonok a területen szerzett tüdőgyulladások kezelésében	http://medicalonline.hu/gyogyitas/cikk/fluorokinolonok_a_teruleten_szerzett_tudogyulladasok_kezeleseben	2010.12.04	9	175	1302	ctrl	True
pmo166	Rácz Jenő: „nem eszik olyan forrón a kását”	http://medicalonline.hu/cikk/racz_jeno__nem_eszik_olyan_forron_a_kasat	2012.12.18	6	160	969	ctrl	True
pmo167	Híznak a kínaiak	http://medicalonline.hu/cikk/hiznak_a_kinaiak	2012.11.26	15	371	2497	ctrl	True
pmo168	Ne ragaszkodjon senki foggal-körömmel a romkórházhoz!	http://medicalonline.hu/cikk/ne_ragaszkodjon_senki_foggal_korommel_a_romkorhazhoz_	2011.10.15	14	319	2058	ctrl	True
pmo169	Immunbetegek találkozója Debrecenben	http://medicalonline.hu/gyogyitas/cikk/immunbetegek_talalkozoja_debrecenben	2022.06.21	18	377	2652	ctrl	True
pmo170	Legális doppingot kutatnak	http://medicalonline.hu/cikk/legalis_doppingot_kutatnak	2017.12.15	13	320	2296	ctrl	True
pmo171	A kormány a fogorvosok mellett áll	http://medicalonline.hu/cikk/a_kormany_a_fogorvosok_mellett_all	2017.09.04	15	287	2048	ctrl	True
pmo172	Üzleti marketingmegoldások versenye	http://medicalonline.hu/kitekinto/cikk/indul_az_uzleti_marketingmegoldasok_versenye	2016.08.08	13	212	1410	ctrl	True
pmo173	Elérheti az emberi agy képességeit a mesterséges intelligencia	http://medicalonline.hu/cikk/elerheti_az_emberi_agy_kepessegeit_a_mesterseges_intelligencia	2022.08.09	11	248	1691	ctrl	True
pmo174	Mi lesz veled, magyar beteg? - interjú Szolyák Tamással	http://medicalonline.hu/cikk/mi_lesz_veled__magyar_beteg_	2011.05.31	119	2442	15006	ctrl	True
pmo175	Mentőtiszt ütött orvosnőt	http://medicalonline.hu/cikk/mentotiszt_utott_orvosnot	2015.10.07	6	94	661	ctrl	True
pmo176	Csökkenti az agy epileptikus tevékenységét Mozart zenéje	http://medicalonline.hu/tudomany/cikk/csokkenti_az_agy_epileptikus_tevekenyseget_mozart_zeneje	2021.06.22	16	348	2387	ctrl	True
pmo177	Kapjanak segítséget a ritkák!	http://medicalonline.hu/cikk/kapjanak_segitseget_a_ritkak	2018.02.26	14	459	3205	ctrl	True
pmo178	Válság és biztosítási piac	http://medicalonline.hu/eu_gazdasag/cikk/valsag_es_biztositasi_piac	2009.04.04	12	498	3530	ctrl	True
pmo179	Szívritmust szabályozó sejttenyészet	http://medicalonline.hu/cikk/szivritmust_szabalyozo_sejttenyeszet	2009.07.12	16	254	1868	ctrl	True
pmo180	Díjakat adtak át az MKSZ kongresszusán	http://medicalonline.hu/cikk/dijakat_adtak_at_az_mksz_kongresszusan	2018.04.28	24	599	4078	ctrl	True
pmo181	Nem az idősödést kell legyőzni	http://medicalonline.hu/gyogyitas/cikk/nem_az_idosodest_kell_legyozni	2019.01.23	22	577	3800	ctrl	True
pmo182	Állásfoglalás a járvány utáni uniós közegészségügyi stratégiáról	http://medicalonline.hu/cikk/allasfoglalas_a_jarvany_utani_unios_kozegeszsegugyi_strategiarol	2020.07.11	17	454	3368	ctrl	True
pmo183	Ingyenes bőrgyógyászati rendelés mobilon	http://medicalonline.hu/informatika/cikk/ingyenes_borgyogyaszati_rendeles_mobilon	2020.04.06	19	511	3666	ctrl	True
pmo184	Megmentik a lábakat	http://medicalonline.hu/cikk/megmentik_a_labakat	2018.11.30	6	161	1142	ctrl	True
pmo185	Intenzív terápiás e-learning képzés Debrecenben	http://medicalonline.hu/cikk/intenziv_terapias_e_learning_kepzes_debrecenben	2020.04.06	11	261	1960	ctrl	True
pmo186	Újabb egészségügyi saláta került az országgyűlési menübe	http://medicalonline.hu/cikk/ujabb_egeszsegugyi_salata_kerult_az_orszaggyulesi_menube	2015.11.12	13	373	2699	ctrl	True
pmo187	Mesterséges anyag építheti újjá a csontot	http://medicalonline.hu/cikk/mesterseges_anyag_epitheti_ujja_a_csontot	2012.02.22	9	214	1442	ctrl	True
pmo188	Szmogriadó Miskolcon	http://medicalonline.hu/cikk/szmogriado_miskolcon	2011.11.25	5	99	720	ctrl	True
pmo189	Kapcsolgatható fogamzásgátlót hoznak a piacra	http://medicalonline.hu/tudomany/cikk/kapcsolgathato_fogamzasgatlot_hoznak_a_piacra	2014.07.10	15	304	1932	ctrl	True
pmo190	Génszerkesztették egy új-zélandi férfi májsejtjeit	http://medicalonline.hu/cikk/genszerkesztettek_egy_uj_zelandi_ferfi_majsejtjeit	2022.07.15	11	236	1610	ctrl	True
pmo191	Nyolc emelet zuhanást élt túl egy újszülött	http://medicalonline.hu/cikk/nyolc_emelet_zuhanast_elt_tul_egy_ujszulott	2011.05.24	10	129	781	ctrl	True
pmo192	Koronavírus: 140 ország, 47,7 milliárd eurós uniós támogatás	http://medicalonline.hu/cikk/koronavirus__140_orszag__47_7_milliard_euros_unios_tamogatas	2022.09.14	8	235	1609	ctrl	True
pmo193	Ismétlődő vetélések, praeeclampsia, meddőség	http://medicalonline.hu/cikk/ismetlodo_vetelesek__praeeclampsia__meddoseg	2020.06.12	100	1625	11331	ctrl	True
pmo194	Leonardo da Vinci, a boncoló	http://medicalonline.hu/cikk/leonardo_da_vinci__a_boncolo	2012.06.12	10	193	1260	ctrl	True
pmo195	A halfogyasztás csökkentheti a cukorbetegek vesekárosodását	http://medicalonline.hu/cikk/a_halfogyasztas_csokkentheti_a_cukorbetegek_vesekarosodasat	2008.11.28	9	264	1852	ctrl	True
pmo196	Prof. Dr. Szilasi Mária	http://medicalonline.hu/cikk/prof__dr__szilasi_maria	2015.05.28	292	2058	13329	ctrl	True
pmo197	Kötelező szót emelni, ha sérül a betegellátás biztonsága	http://medicalonline.hu/cikk/kotelezo_szot_emelni__ha_serul_a_betegellatas_biztonsaga	2022.07.09	24	436	2667	ctrl	True
pmo198	Kásler: Az emlő- és méhnyakszűrés hatékonyan működik	http://medicalonline.hu/cikk/kasler__az_emlo__es_mehnyakszures_hatekonyan_mukodik	2021.10.15	27	593	4558	ctrl	True
pmo199	Miért nincs robotsebészet Magyarországon?	http://medicalonline.hu/cikk/miert_nincs_robotsebeszet_magyarorszagon	2020.10.16	19	479	3096	ctrl	True
pmo200	Mágikus és szakrális medicina	http://medicalonline.hu/cikk/magikus_es_szakralis_medicina	2011.12.31	39	1013	6509	ctrl	True
pmo201	MSZP: csak forráskivonás történt az egészségügyben	http://medicalonline.hu/cikk/mszp__pozitiv_valtozas_nem__csak_forraskivonas_tortent_az_egeszsegugyben	2012.05.18	5	125	861	ctrl	True
pmo202	Korai Alzheimer-diagnózis Szegeden	http://medicalonline.hu/cikk/korai_alzheimer_diagnozis_szegeden	2018.06.15	32	694	4488	ctrl	True
pmo203	Orvosi álláslehetőség Kalocsán	http://medicalonline.hu/cikk/orvosi_allaslehetoseg_kalocsan	2012.12.21	20	220	1487	ctrl	True
pmo204	Így nőttek a keresetek októberben	http://medicalonline.hu/cikk/igy_nottek_a_keresetek_oktoberben	2020.01.06	11	336	2209	ctrl	True
pmo205	A WHO a klímaváltozás jelentős egészségkárosító hatásáról	http://medicalonline.hu/kitekinto/cikk/a_who_a_klimavaltozas_jelentos_egeszsegkarosito_hatasarol	2019.12.04	12	322	2139	ctrl	True
pmo206	Száz éve lett magyarrá az IQ-teszt	http://medicalonline.hu/tudomany/cikk/szaz_eve_lett_magyarra_az_iq_teszt	2014.03.12	8	123	799	ctrl	True
pmo207	COVID-páciensek távfelügyelete fülbe való szenzorral	http://medicalonline.hu/cikk/covid_paciensek_tavfelugyelete_fulbe_helyezett_szenzorral	2021.10.21	9	161	1194	ctrl	True
pmo208	A világ nagy orvosi szaklapjainak tartalmából, 2010. 05. 19.	http://medicalonline.hu/cikk/a_vilag_nagy_orvosi_szaklapjainak_tartalmabol_20100519	2010.05.19	134	2742	18722	ctrl	True
pmo209	A megindított szülés előnyösebb a magas vérnyomású nőknek	http://medicalonline.hu/gyogyitas/cikk/a_meginditott_szules_elonyosebb_a_magas_vernyomasu_noknek	2009.08.04	8	188	1335	ctrl	True
pmo210	Műszerekre pályázhatnak kórházak, praxisok	http://medicalonline.hu/cikk/muszerekre_palyazhatnak_korhazak__praxisok	2019.04.04	17	440	3051	ctrl	True
pmo211	Újabb törvénycsomag regulázza a gyógyszerpiaci szereplőket	http://medicalonline.hu/cikk/ujabb_torvenycsomag_regulazza_a_gyogyszerpiaci_szereploket	2011.10.26	56	1457	10158	ctrl	True
pmo212	Előrébb léptek a magyar egyetemek	http://medicalonline.hu/kitekinto/cikk/elorebb_leptek_a_magyar_egyetemek	2022.04.08	17	411	2596	ctrl	True
pmo213	Mérgek a tányéron: 55 éve van menlevelük	http://medicalonline.hu/cikk/mergek_a_tanyeron__55_eve_van_menleveluk	2013.06.13	9	200	1345	ctrl	True
pmo214	Jön a mentőöv, csak szűk lesz	http://medicalonline.hu/cikk/jon_a_mentoov__csak_szuk_lesz	2012.12.10	4	83	540	ctrl	True
pmo215	SM-betegek a neten	http://medicalonline.hu/cikk/sm_betegek_a_neten	2010.04.30	7	145	1001	ctrl	True
pmo216	Betegség lehet a számítógépes játék-függőség	http://medicalonline.hu/cikk/betegseg_lehet_a_szamitogepes_jatek_fuggoseg	2009.03.22	21	403	2719	ctrl	True
pmo217	Nőtt a betöltetlen fogorvosi praxisok száma	http://medicalonline.hu/cikk/nott_a_betoltetlen_fogorvosi_praxisok_szama	2020.06.17	7	176	1039	ctrl	True
pmo218	Akkreditáció alatt a vállcentrum	http://medicalonline.hu/cikk/akkreditacio_alatt_a_vallcentrum	2017.11.03	24	633	4100	ctrl	True
pmo219	A stressz a fogyókúra ellen hat	http://medicalonline.hu/mi_ujsag/cikk/a_stressz_a_fogyokura_ellen_hat	2011.01.10	15	270	1719	ctrl	False
pmo220	Koronavírus: denevéreket tesztelnek	http://medicalonline.hu/cikk/koronavirus__denevereket_tesztelnek	2020.06.15	9	220	1461	ctrl	False
pmo221	Ötmillió túlsúlyos és hárommillió ételallergiás	http://medicalonline.hu/cikk/otmillio_tulsulyos_es_harommillio_etelallergias	2017.07.31	29	586	4017	ctrl	False
pmo222	Béltartalom-átültetés	http://medicalonline.hu/cikk/beltartalom_atultetes	2011.02.10	9	274	1904	ctrl	False
pmo223	Nem jött be a Nokiának a digitális egészségügy	http://medicalonline.hu/cikk/nem_jott_be_a_nokianak_a_digitalis_egeszsegugy	2018.05.03	6	136	871	ctrl	False
pmo224	A Sars-CoV-2-vel rokon koronavírusokat hordozhatnak a denevérek Ázsiában	http://medicalonline.hu/cikk/a_sars_cov_2_vel_rokon_koronavirusokat_hordozhatnak_a_deneverek_azsiaban	2021.02.10	14	353	2536	ctrl	False
pmo225	Regionális kemoterápiák	http://medicalonline.hu/cikk/regionalis_kemoterapiak	2011.08.16	22	536	3396	ctrl	False
pmo226	Az orvosok az otthonszülés ellen érvelnek	http://medicalonline.hu/cikk/az_orvosok_az_otthonszules_ellen_ervelnek	2010.10.27	18	472	2870	ctrl	False
pmo227	Magyar-román regionális egészségügyi társulás	http://medicalonline.hu/kitekinto/cikk/magyar_roman_regionalis_egeszsegugyi_tarsulas	2010.06.18	11	362	2501	ctrl	False
pmo228	Vérből jósolnak	http://medicalonline.hu/cikk/verbol_josolnak	2013.07.13	13	299	1880	ctrl	False
pmo229	Magyar tanulmány: Covid-halálozás a V4-ek országaiban	http://medicalonline.hu/cikk/magyar_tanulmany__covid_halalozas_a_v4_ek_orszagaiban	2022.05.11	12	354	2272	ctrl	False
pmo230	Védőmaszkok érkeztek Erdélybe a magyar kormány közreműködésével	http://medicalonline.hu/kitekinto/cikk/vedomaszkok_erkeztek_erdelybe_a_magyar_kormany_kozremukodesevel	2020.11.12	8	185	1295	ctrl	False
pmo231	Ez még nem az a krízis, nézzék meg februártól!	http://medicalonline.hu/cikk/ez_meg_nem_az_a_krizis__nezzek_meg_februartol_	2012.01.03	11	218	1326	ctrl	False
pmo232	Ócsai Lajos: Meg lesz a böjtje a nyitásnak	http://medicalonline.hu/cikk/ocsai_lajos__meg_lesz_a_bojtje_a_nyitasnak	2021.04.26	7	155	910	ctrl	False
pmo233	Merkely: Nem kell félni a harmadik oltástól!	http://medicalonline.hu/cikk/merkely__nem_kell_felni_a_harmadik_oltastol	2021.07.19	9	295	1672	ctrl	False
pmo234	„Sokat mondogatom a dolgozóknak, hogy nem kell aggódniuk”	http://medicalonline.hu/cikk/sokat_mondogatom_a_dolgozoknak__hogy_nem_kell_aggodniuk	2012.04.23	12	289	1731	ctrl	False
pmo235	6 millió 200 ezer oltott, 5298 új fertőzött és 144 halott idehaza	http://medicalonline.hu/cikk/6_millio_200_ezer_oltott__5298_uj_fertozott_es_144_halott_idehaza	2021.12.16	29	526	3561	ctrl	False
pmo236	Mit mutat a populisták agya?	http://medicalonline.hu/cikk/mit_mutat_a_populistak_agya	2015.06.01	24	1008	6453	ctrl	False
pmo237	Fejleszti sugárterápiás eszközparkját a kaposvári kórház	http://medicalonline.hu/cikk/fejleszti_sugarterapias_eszkozparkjat_a_kaposvari_korhaz	2022.09.30	9	171	1304	ctrl	False
pmo238	Ónodi: Egymilliárddal növelték a praxistámogatást	http://medicalonline.hu/praxis/cikk/onodi__egymilliarddal_noveltek_a_praxistamogatast	2017.10.09	16	333	2153	ctrl	False
pmo239	Arábia felé mennek az Amerikai úton	http://medicalonline.hu/cikk/arabia_fele_mennek_az_amerikai_uton	2012.10.26	20	470	3309	ctrl	False
pmo240	Áprilistól új időpontokat adnak a mesedoktoroknak	http://medicalonline.hu/cikk/aprilistol_uj_idopontokat_adnak_a_mesedoktoroknak	2019.03.26	13	252	1764	ctrl	False
pmo241	A betegeken és a dolgozókon verik le az ellátás árát	http://medicalonline.hu/cikk/a_betegeken_es_dolgozokon_verik_le_az_ellatas_arat	2018.01.31	23	689	4641	ctrl	False
pmo242	Probiotikumok piaca: bizonyított és vélelmezett eredményesség	http://medicalonline.hu/gyogyitas/cikk/probiotikumok_piaca__bizonyitott_es_velelmezett_eredmenyesseg	2013.05.29	219	3423	20613	ctrl	False
pmo243	Kínában húsz év múlva gyakoribb lesz a szívroham	http://medicalonline.hu/cikk/kinaban_husz_ev_mulva_gyakoribb_lesz_a_szivroham	2010.06.20	14	340	2402	ctrl	False
pmo244	Megasztár és X-Faktor közös kampány az AIDS ellen (videó)	http://medicalonline.hu/eu_gazdasag/cikk/megasztar_es_x_faktor_kozos_kampany_az_aids_ellen_(video)	2010.12.01	16	361	2457	ctrl	False
pmo245	Törvényes a román gyakorlati oktatás a magyar tagozaton	http://medicalonline.hu/cikk/torvenyes_a_roman_gyakorlati_oktatas_a_magyar_tagozaton	2016.04.20	16	395	2663	ctrl	False
pmo246	Spanyolországban a kórházi ellátásra szorulók többsége oltatlan	http://medicalonline.hu/kitekinto/cikk/spanyolorszagban_a_korhazi_ellatasra_szorulok_tobbsege_oltatlan	2021.11.09	68	1575	10711	ctrl	False
pmo247	Orbán Viktor az egészségügyről	http://medicalonline.hu/cikk/orban_viktor_az_egeszsegugyrol	2019.12.11	23	398	2504	ctrl	False
pmo248	Intenzíven a brit miniszterelnök	http://medicalonline.hu/cikk/intenziven_a_brit_miniszterelnok	2020.04.07	22	478	2900	ctrl	False
pmo249	Őseink, a vírusok	http://medicalonline.hu/tudomany/cikk/oseink__a_virusok	2019.04.12	8	297	1909	ctrl	False
pmo250	Csökkenő amplitúdóval, de örökre velünk marad a koronavírus-járvány	http://medicalonline.hu/cikk/jakab_ferenc__csokkeno_amplitudoval__de_orokre_velunk_marad_a_koronavirus_jarvany	2022.02.09	36	1219	7944	ctrl	False
pmo251	Kórházi osztály ritka betegeknek	http://medicalonline.hu/cikk/korhazi_osztaly_ritka_betegeknek	2017.08.22	17	486	3329	ctrl	False
pmo252	Ma ismét lehet Pfizer-vakcinát foglalni online	http://medicalonline.hu/cikk/ma_ismet_lehet_pfizer_vakcinat_foglalni_online	2021.05.13	15	287	1954	ctrl	False
pmo253	Újabb műtétre szorul az egyik bangladesi iker	http://medicalonline.hu/cikk/ujabb_mutetre_szorul_az_egyik_bangladesi_iker	2020.10.16	7	213	1560	ctrl	False
pmo254	A patikákban is megjelenhet a polcpénz	http://medicalonline.hu/eu_gazdasag/cikk/a_patikakban_is_megjelenhet_a_polcpenz	2012.09.26	47	1113	7318	ctrl	False
pmo255	Ősi vírus embrióvédő szerepben	http://medicalonline.hu/cikk/osi_virus_embriovedo_szerepben	2015.05.19	21	654	4353	ctrl	False
pmo256	Közkonyhára is került a lépfenés marhák húsából	http://www.medicalonline.hu/gyogyitas/cikk/kozkonyhara_is_kerult_a_lepfenes_marhak_husabol	2014.07.04	17	345	2424	ctrl	False
pmo257	Választási csendben készül az egészségügyi költségvetés	http://medicalonline.hu/cikk/valasztasi_csendben_keszul_az_egeszsegugyi_koltsegvetes	2014.09.13	8	186	1235	ctrl	False
pmo258	Évente 1,5 milliárd forint lenne megtakarítható	http://medicalonline.hu/cikk/baranyhimlo__legyen_kotelezo_az_oltas	2017.01.17	8	200	1315	ctrl	False
pmo259	Koronavírus: elméletileg havonta három mutáció jöhet létre	http://medicalonline.hu/cikk/koronavirus__elmeletileg_havonta_harom_mutacio_johet_letre	2021.06.14	14	271	1859	ctrl	False
pmo260	És újra a zárójelentésekről...	http://www.medicalonline.hu/gyogyitas/cikk/es_ujra_a_zarojelentesekrol	2016.09.16	12	281	1741	ctrl	False
pmo261	Répát kapnak cigaretta helyett a rabok	http://medicalonline.hu/cikk/repat_kapnak_cigaretta_helyett_a_rabok	2011.06.02	7	121	751	ctrl	False
pmo262	Közösen kutatják a hirtelen szívhalált	http://medicalonline.hu/cikk/kozosen_kutatjak_a_hirtelen_szivhalalt	2015.05.12	7	226	1496	ctrl	False
pmo263	Központosított egészségügyi közbeszerzések	http://medicalonline.hu/cikk/kozpontositott_egeszsegugyi_kozbeszerzesek	2020.02.03	21	251	1672	ctrl	False
pmo264	Megszűnnek a beutazási korlátozások Németországban	http://medicalonline.hu/cikk/megszunnek_a_beutazasi_korlatozasok_nemetorszagban	2022.06.02	11	215	1480	ctrl	False
pmo265	A gyógyszer neve helyett hatóanyag lesz a recepten	http://www.medicalonline.hu/eu_gazdasag/cikk/a_gyogyszer_neve_helyett_hatoanyag_lesz_a_recepten	2012.03.22	20	504	3302	ctrl	False
pmo266	Libéria katasztrofálisan kezeli az Ebolát	http://medicalonline.hu/cikk/liberia_katasztrofalisan_kezeli_az_ebolat	2014.08.28	13	247	1609	ctrl	False
pmo267	Szerdán Szegeden hallható a marslakó lánya	http://medicalonline.hu/informatika/cikk/szerdan_szegeden_hallhato_a_marslako_lanya	2013.06.26	8	196	1289	ctrl	False
pmo268	A depresszió három altípusát különítették el	http://medicalonline.hu/cikk/a_depresszio_harom_altipusat_kulonitettek_el	2018.11.06	17	395	2690	ctrl	False
pmo269	Az életben maradó szívek negyedszázada	http://medicalonline.hu/gyogyitas/cikk/az_eletben_marado_szivek_negyedszazada	2017.01.04	40	1239	8062	ctrl	False
pmo270	Szavakkal is lehet ölni	http://medicalonline.hu/tudomany/cikk/szavakkal_is_lehet_olni_	2009.06.26	119	2352	14548	ctrl	False
pmo271	Kemenesi: Zárt terekben kezdjünk el mihamarabb maszkot hordani!	http://medicalonline.hu/cikk/kemenesi__zart_terekben_kezdjunk_el_mihamarabb_maszkot_hordani	2022.07.11	21	512	3123	ctrl	False
pmo272	Új magán egészségközpont nyílt	http://medicalonline.hu/cikk/uj_magan_egeszsegkozpont_nyilt	2017.06.22	11	323	2088	ctrl	False
pmo273	Mi magyarázza a gigantikus spermiumok létét?	http://medicalonline.hu/cikk/mi_magyarazza_a_gigantikus_spermiumok_letet	2016.06.01	21	590	3921	ctrl	False
pmo274	Amibe belerokkanhat a magyar egészségügy	http://medicalonline.hu/cikk/amibe_belerokkanhat_a_magyar_egeszsegugy	2020.01.29	50	676	4012	ctrl	False
pmo275	Vérnyomáscsökkentőket függesztettek fel	http://medicalonline.hu/cikk/vernyomascsokkentoket_fuggesztettek_fel	2018.07.02	10	161	1266	ctrl	False
pmo276	Ügyeskedünk a parkolással, hogy gyógyíthassunk	http://medicalonline.hu/cikk/ugyeskedunk_a_parkolassal__hogy_gyogyithassunk	2013.02.27	17	369	2176	ctrl	False
pmo277	A gyermekgyógyászati vizsgálatok gyakorlati problémái	http://medicalonline.hu/gyerekgyogyaszat/cikk/a_klinikai_vizsgalatok_jelene_es_jovoje__a_gyermekgyogyaszati_vizsgalatok_gyakorlati_problemai	2013.04.26	48	1450	9607	ctrl	False
pmo278	Gulyás: Védettséget igazoló okmányt vezet be a magyar állam	http://medicalonline.hu/cikk/gulyas__vedettseget_igazolo_okmanyt_vezet_be_a_magyar_allam	2021.02.11	56	1519	9902	ctrl	False
pmo279	Ha kell, bírói segítséggel fogják szaván Szócska Miklóst	http://medicalonline.hu/cikk/ha_kell__biroi_segitseggel_fogjak_szavan_szocska_miklost	2012.06.07	5	104	732	ctrl	False
pmo280	Aszpirin a bélrák ellen: erős hatást mutattak ki	http://medicalonline.hu/cikk/aszpirin_a_belrak_ellen__eros_hatast_mutattak_ki	2015.09.29	8	164	1104	ctrl	False
pmo281	Elpusztítja a koronavírust a szájvíz, de nem véd meg a fertőzéstől	http://medicalonline.hu/cikk/elpusztitja_a_koronavirust_a_szajviz__de_nem_ved_meg_a_fertozestol	2020.09.15	7	144	942	ctrl	False
pmo282	Évente ötmillióan halnak meg a szélsőséges hőmérsékletek miatt	http://medicalonline.hu/cikk/evente_otmillioan_halnak_meg_a_szelsoseges_homersekletek_miatt	2021.07.09	22	492	3216	ctrl	False
pmo283	Kár a kancelláriarendszerért	http://medicalonline.hu/cikk/kar_a_kancellariarendszerert	2016.11.16	8	171	1145	ctrl	False
pmo284	Klímagondok	http://medicalonline.hu/cikk/klimagondok	2019.07.15	14	397	2460	ctrl	False
pmo285	A fertőzöttek száma 124,7 millió, a halálos áldozatoké 2,74 millió a világon	http://medicalonline.hu/cikk/a_fertozottek_szama_124_7_millio__a_halalos_aldozatoke_2_74_millio_a_vilagon	2021.03.25	18	292	2062	ctrl	False
pmo286	Mit tehet egy egyesület a Crohn-Colitises betegekért?	http://medicalonline.hu/Gasztroenterologia/cikk/mit_tehet_egy_egyesulet_a_crohn_colitises_betegekert	2015.02.12	56	1366	9431	ctrl	False
pmo287	A tévé előtt kell kezdeni a diétát	http://medicalonline.hu/cikk/a_teve_elott_kell_kezdeni_a_dietat	2012.01.17	5	133	841	ctrl	False
pmo288	Vagy a beteg üdve, vagy a gazdaságos működés	http://medicalonline.hu/cikk/vagy_a_beteg_udve__vagy_a_gazdasagos_mukodes	2016.02.29	25	530	3088	ctrl	False
pmo289	Újabb gyászos hír a kórházakból	http://medicalonline.hu/cikk/ujabb_gyaszos_hir_a_korhazakbol	2019.09.18	10	207	1331	ctrl	False
pmo290	Kísérlet és terápia	http://medicalonline.hu/gyermekgyogyaszat/cikk/kiserlet_es_terapia	2010.09.20	31	726	4803	ctrl	False
pmo291	A felírási igazolástól az orvosi überig	http://medicalonline.hu/eu_gazdasag/cikk/a_felirasi_igazolastol_az_orvosi_uberig	2018.10.03	37	1245	7807	ctrl	False
pmo292	Gyógyszerek helyett lelki segítség kellene	http://medicalonline.hu/gyogyitas/cikk/gyogyszerek_helyett_lelki_segitseg_kellene	2017.10.30	43	986	6464	ctrl	False
pmo293	Védőnők kérték, a kormány teljesíti	http://medicalonline.hu/cikk/vedonok_kertek__a_kormany_teljesiti	2013.07.08	7	130	941	ctrl	False
pmo294	Nőknél nem úgy hat a sztatin?	http://medicalonline.hu/cikk/noknel_nem_ugy_hat_a_sztatin	2012.07.10	15	323	2283	ctrl	False
pmo295	Trükközni kényszerülnek a pszichiátrián lakók	http://medicalonline.hu/cikk/trukkozni_kenyszerulnek_a_pszichiatrian_lakok	2013.08.06	12	312	2354	ctrl	False
pmo296	Pénzt kért, etikai vizsgálat indult ellene	http://medicalonline.hu/eu_gazdasag/cikk/penzt_kert__etikai_vizsgalat_indult_ellene	2017.03.06	13	301	1667	ctrl	False
pmo297	A román orvosok is külföldre mennek	http://medicalonline.hu/cikk/a_roman_orvosok_is_kulfoldre_mennek	2017.03.08	15	287	1781	ctrl	False
pmo298	"Továbbra is „maszekolnak"" az orvosok a közkórházakban"	http://medicalonline.hu/cikk/tovabbra_is_maszekolnak___az_orvosok_a_kozkorhazakban	2016.02.29	14	302	1915	ctrl	False
pmo299	Mennek, egyre csak mennek	http://medicalonline.hu/cikk/mennek__egyre_csak_mennek	2014.01.22	6	101	620	ctrl	False
pmo300	„Az irány jó, a többit majd ősszel”	http://medicalonline.hu/eu_gazdasag/cikk/az_irany_jo__a_tobbit_majd_osszel	2018.01.23	19	547	3286	ctrl	False
rgy001	Sosem volt kétsége, hogy legyőzi a betegséget: céltudatos gyógyulás a limfómából	https://rakgyogyitas.hu/sosem-volt-ketsege-hogy-legyozi-a-betegseget-celtudatos-gyogyulas-a-limfomabol/	2022.12.29	92	1566	8935	ctrl	True
rgy002	Nemzetközi felmérés a hazai rákbetegek helyzetéről (is)	https://rakgyogyitas.hu/nemzetkozi-felmeres-a-hazai-rakbetegek-helyzeterol-is/	2019.02.10	8	109	771	ctrl	True
rgy003	Koronavírus elleni védőoltások daganatos betegeknek: kinek, mikor, mit?	https://rakgyogyitas.hu/koronavirus-elleni-vedooltasok-daganatos-betegeknek-kinek-mikor-mit/	2021.02.17	36	732	5010	ctrl	True
rgy004	A betegklubok jobbá tehetik az orvos-beteg kapcsolatot is	https://rakgyogyitas.hu/a-betegklubok-jobba-tehetik-az-orvos-beteg-kapcsolatot-is/	2016.05.05	9	263	1656	ctrl	True
rgy005	Rák: kíméletesebb műtétek és terápiák, javuló életkilátások több betegségtípusban	https://rakgyogyitas.hu/rak-kimeletesebb-mutetek-es-terapiak-javulo-eletkilatasok-tobb-betegsegtipusban/	2021.04.10	73	1748	12082	ctrl	True
rgy006	Milyen fájdalmakat képes kiváltani egy emlődaganat?	https://rakgyogyitas.hu/milyen-fajdalmakat-kepes-kivaltani-egy-emlodaganat/	2019.02.04	18	339	2314	ctrl	True
rgy007	Újságírói pályázat: fókuszban a mellrák és a petefészekrák	https://rakgyogyitas.hu/ujsagiroi-palyazat-fokuszban-a-mellrak-es-a-petefeszekrak/	2018.08.22	25	452	3060	ctrl	True
rgy008	Hatóanyag nélküli élettani változások: mi az a placebohatás és mi a nocebohatás?	https://rakgyogyitas.hu/hatoanyag-nelkuli-elettani-valtozasok-mi-az-a-placebohatas-es-mi-a-nocebohatas/	2016.12.05	25	597	3667	ctrl	True
rgy009	Mikor fenyeget egy emlődaganatos beteget a száj nyálkahártyájának fájdalmas gyulladása?	https://rakgyogyitas.hu/mikor-fenyeget-egy-emlodaganatos-beteget-a-szaj-nyalkahartyajanak-fajdalmas-gyulladasa/	2019.02.04	11	277	1792	ctrl	True
rgy010	Az életkorom meghatározza milyen kezeléseket kaphatok?	https://rakgyogyitas.hu/az-eletkorom-meghatarozza-milyen-kezeleseket-kaphatok/	2016.09.24	8	229	1553	ctrl	True
rgy011	Milyen gyógyulási, túlélési statisztikai adatok ismertek vastagbélrákban?	https://rakgyogyitas.hu/milyen-gyogyulasi-tulelesi-statisztikai-adatok-ismertek-vastagbelrakban/	2016.09.24	22	623	3933	ctrl	True
rgy012	Egy kezdetben hatékony onkológiai kezelés miért veszíti el erejét, s válnak a ráksejtek ellenállóvá (rezisztenssé)?	https://rakgyogyitas.hu/egy-kezdetben-hatekony-onkologiai-kezeles-miert-vesziti-el-erejet-s-valnak-a-raksejtek-ellenallova-rezisztensse/	2016.12.12	16	363	2313	ctrl	True
rgy013	Jönnek a biztonsági elemmel ellátott gyógyszerek	https://rakgyogyitas.hu/jonnek-a-biztonsagi-elemmel-ellatott-gyogyszerek/	2018.05.07	16	441	2980	ctrl	True
rgy014	Milyen az élet prosztatarákkal? A betegek válaszait várják	https://rakgyogyitas.hu/milyen-az-elet-prosztatarakkal-a-betegek-valaszait-varjak/	2021.11.27	9	123	817	ctrl	True
rgy015	Prosztatarák: hogyan élhetnének tovább a férfiak?	https://rakgyogyitas.hu/prosztatarak-hogyan-elhetnenek-tovabb-a-ferfiak/	2021.11.16	49	1117	7251	ctrl	True
rgy016	Mit jelent a regresszió vagy remisszió és a progresszió emlőrákban?	https://rakgyogyitas.hu/mit-jelent-a-regresszio-vagy-remisszio-es-a-progresszio-emlorakban/	2019.02.04	10	249	1615	ctrl	True
rgy017	Mit lehet tenni, ha a betegség előrehaladottá vált és nem adható további daganatellenes kezelés?	https://rakgyogyitas.hu/mit-lehet-tenni-ha-a-betegseg-elorehaladotta-valt-es-nem-adhato-tovabbi-daganatellenes-kezeles/	2019.11.27	22	571	3690	ctrl	True
rgy018	Az elektromos cigaretta is káros az egészségre	https://rakgyogyitas.hu/az-elektromos-cigaretta-is-karos-az-egeszsegre/	2019.07.26	15	381	2439	ctrl	True
rgy019	Örökölhettem az emlődaganatot? Gyerekeimnek továbbadhattam a hajlamot?	https://rakgyogyitas.hu/orokolhettem-az-emlodaganatot-gyerekeimnek-tovabbadhattam-a-hajlamot/	2019.02.04	14	328	2114	ctrl	True
rgy020	Gyógyítás és tudomány az onkológián – és azon túl	https://rakgyogyitas.hu/laszlo-korhaz/	2017.08.08	7	51	293	ctrl	True
rgy021	Milyen tünetek figyelmeztetnek egy daganatos beteget vérszegénységre?	https://rakgyogyitas.hu/milyen-tunetek-figyelmeztetnek-egy-daganatos-beteget-verszegenysegre/	2016.10.21	9	260	1641	ctrl	True
rgy022	Az immunterápia nem általános immunerősítés	https://rakgyogyitas.hu/az-immunterapia-nem-altalanos-immunerosites/	2017.04.06	11	262	1869	ctrl	True
rgy023	Hogyan orvosolhatók a prosztatarák miatti szexuális problémák?	https://rakgyogyitas.hu/hogyan-orvosolhatok-a-prosztatarak-miatti-szexualis-problemak/	2019.11.28	31	698	4625	ctrl	True
rgy024	A depresszió rákbetegeknél sem természetes állapot	https://rakgyogyitas.hu/a-depresszio-rakbetegeknel-sem-termeszetes-allapot/	2022.05.25	14	319	2123	ctrl	True
rgy025	Hasnyálmirigyrák: még mindig egyre több a halálos áldozat	https://rakgyogyitas.hu/hasnyalmirigyrak-meg-mindig-egyre-tobb-a-halalos-aldozat/	2016.11.14	14	433	2906	ctrl	True
rgy026	Fókuszban a tájékozott beteg: Első Betegszervezeti Tudásbörze	https://rakgyogyitas.hu/fokuszban-a-tajekozott-beteg-elso-betegszervezeti-tudasborze/	2017.10.10	23	678	4699	ctrl	True
rgy027	Prof. dr. Hideghéty Katalin, az MKOT új elnöke	https://rakgyogyitas.hu/prof-dr-hideghety-katalin-az-mkot-uj-elnoke/	2022.12.19	52	1338	8862	ctrl	True
rgy028	Szakorvosok, kutatók, akik idén állami kitüntetést vehettek át	https://rakgyogyitas.hu/szakorvosok-kutatok-akik-iden-allami-kituntetest-vehettek-at/	2020.08.20	18	326	2484	ctrl	True
rgy029	Fotózás, mint terápia: a lencse megmutatja, amit a tükör nem	https://rakgyogyitas.hu/fotozas-mint-terapia-a-lencse-megmutatja-amit-a-tukor-nem/	2017.08.25	51	970	5970	ctrl	True
rgy030	Irodalomjegyzék – Prosztatarák: 50 kérdés – 50 válasz	https://rakgyogyitas.hu/irodalomjegyzek-prosztatarak-50-kerdes-50-valasz/	2019.11.28	66	1027	5403	ctrl	True
rgy031	Prosztatarák 17 év után orvosként: „áttétes betegséggel, nyugodt szívvel”	https://rakgyogyitas.hu/prosztatarak-17-ev-utan-orvoskent-attetes-betegseggel-nyugodt-szivvel/	2020.10.05	44	1003	6152	ctrl	True
rgy032	Mit mutat a Nottingham Prognosztikai Index (NPI)?	https://rakgyogyitas.hu/mit-mutat-a-nottingham-prognosztikai-index-npi/	2019.02.04	7	181	1129	ctrl	True
rgy033	Prosztatarák: a nőknek is figyelniük kell!	https://rakgyogyitas.hu/prosztatarak-a-noknek-is-figyelniuk-kell/	2022.06.01	13	296	1781	ctrl	True
rgy034	Hogyan hathat ki a lelkiállapot a fizikai állapotra és a kezelésekre?	https://rakgyogyitas.hu/hogyan-hathat-ki-a-lelkiallapot-a-fizikai-allapotra-es-a-kezelesekre/	2019.02.04	24	529	3603	ctrl	True
rgy035	Poszttraumás stresszt okozhat a rák diagnózisa	https://rakgyogyitas.hu/poszttraumas-stresszt-okozhat-a-rak-diagnozisa/	2016.03.20	11	345	2414	ctrl	True
rgy036	Mikor indokolt molekuláris genetikai vizsgálatot végezni vastagbélrákos betegeknél?	https://rakgyogyitas.hu/mikor-indokolt-molekularis-genetikai-vizsgalatot-vegezni-vastagbelrakos-betegeknel/	2016.12.17	8	177	1297	ctrl	True
rgy037	Egyre hosszabban kordában tartható a prosztatarák	https://rakgyogyitas.hu/egyre-hosszabban-kordaban-tarthato-a-prosztatarak/	2020.08.02	31	773	5150	ctrl	True
rgy038	Szabad-e gyógyfürdőbe, szaunába járni emlődaganaton átment betegeknek?	https://rakgyogyitas.hu/szabad-e-gyogyfurdobe-szaunaba-jarni-emlodaganaton-atment-betegeknek/	2019.02.04	7	206	1375	ctrl	True
rgy039	Rák és koronavírus: online élő előadás a védőoltásokról	https://rakgyogyitas.hu/rak-es-koronavirus-online-elo-eloadas-a-vedooltasokrol/	2021.02.17	12	142	1055	ctrl	True
rgy040	Mikrometasztázisok: léteznek a vastagbéldaganatnak „láthatatlan” áttétei?	https://rakgyogyitas.hu/mikrometasztazisok-leteznek-a-vastagbeldaganatnak-lathatatlan-attetei/	2016.09.24	12	360	2416	ctrl	True
rgy041	Hogyan kezelhetők az emlődaganatból kiinduló csontáttétek?	https://rakgyogyitas.hu/hogyan-kezelhetok-az-emlodaganatbol-kiindulo-csontattetek/	2019.02.04	12	254	1814	ctrl	True
rgy042	Nem csökkenti, hanem növeli a füstszűrő a kockázatot	https://rakgyogyitas.hu/nem-csokkenti-hanem-noveli-a-fustszuro-a-kockazatot/	2019.11.08	14	366	2406	ctrl	True
rgy043	Hol és mikor juthatok hozzá a vastagbélrákra ható célzott onkológiai terápiához?	https://rakgyogyitas.hu/hol-es-mikor-juthatok-hozza-a-vastagbelrakra-hato-celzott-onkologiai-terapiahoz/	2016.12.15	9	210	1511	ctrl	True
rgy044	Onkológus válaszol GIST betegségről és más témákról	https://rakgyogyitas.hu/onkologus-valaszol-gist-betegsegrol-es-mas-temakrol/	2018.05.29	10	173	1080	ctrl	True
rgy045	Fájdalomtípusok: honnan eredhet a vastagbélrákos betegek fájdalma?	https://rakgyogyitas.hu/fajdalomtipusok-honnan-eredhet-a-vastagbelrakos-betegek-fajdalma/	2016.12.08	16	328	2112	ctrl	True
rgy046	Mik azok a tumormarkerek? Kimutatható a vérből a vastagbélrák?	https://rakgyogyitas.hu/mik-azok-a-tumormarkerek-kimutathato-a-verbol-a-vastagbelrak/	2016.09.24	10	212	1442	ctrl	True
rgy047	Felkészültség és szerencse is kell a gyógyuláshoz – útvesztőben menedzselte önmagát	https://rakgyogyitas.hu/felkeszultseg-es-szerencse-is-kell-a-gyogyulashoz-utvesztoben-menedzselte-onmagat/	2022.02.08	80	1565	9490	ctrl	True
rgy048	Mi az immunterápia, alkalmazható-e prosztatarákban?	https://rakgyogyitas.hu/mi-az-immunterapia-alkalmazhato-e-prosztatarakban/	2019.11.27	24	564	3955	ctrl	True
rgy049	Betiltanák az ízesített, párologtatható dohánytermékeket	https://rakgyogyitas.hu/betiltanak-az-izesitett-parologtathato-dohanytermekeket/	2022.07.07	10	223	1627	ctrl	True
rgy050	Életkor és kezelések: Ön hány éves valójában?	https://rakgyogyitas.hu/eletkor-es-kezelesek-on-hany-eves-valojaban/	2018.06.06	20	506	3330	ctrl	True
rgy051	Prosztatarák: gyógyszerek mellett gyógytorna is segíthet	https://rakgyogyitas.hu/prosztatarak-gyogyszerek-mellett-gyogytorna-is-segithet/	2018.11.21	14	435	3008	ctrl	True
rgy052	A zenehallgatás javíthatja a rákbetegek közérzetét (is)	https://rakgyogyitas.hu/a-zenehallgatas-javithatja-a-rakbetegek-kozerzetet-is/	2015.08.22	12	349	2233	ctrl	True
rgy053	Törvényszerű a daganatos diagnózis utáni sokkos állapot?	https://rakgyogyitas.hu/torvenyszeru-a-daganatos-diagnozis-utani-sokkos-allapot/	2019.02.04	18	568	3588	ctrl	True
rgy054	Hogyan kezelhetők a vastagbélrák agyi áttétei?	https://rakgyogyitas.hu/hogyan-kezelhetok-a-vastagbelrak-agyi-attetei/	2016.09.24	17	421	2650	ctrl	True
rgy055	Újabb két évet várhatunk az állami vastagbélszűrésre	https://rakgyogyitas.hu/ujabb-ket-evet-varhatunk-az-allami-vastagbelszuresre/	2016.06.14	16	428	2994	ctrl	True
rgy056	Útmutató: mi mindent árulnak a betegeknek?	https://rakgyogyitas.hu/utmutato-mi-mindent-arulnak-a-betegeknek/	2016.01.05	74	1569	10442	ctrl	True
rgy057	Átfogó könyv a vastagbélrákról laikusoknak: 200 kérdés, 200 válasz	https://rakgyogyitas.hu/atfogo-konyv-a-vastagbelrakrol-laikusoknak-200-kerdes-200-valasz/	2017.02.24	29	479	3249	ctrl	True
rgy058	Kirándulni hív a Magyar Rákellenes Liga	https://rakgyogyitas.hu/kirandulni-hiv-a-magyar-rakellenes-liga/	2020.09.02	6	90	632	ctrl	True
rgy059	Összefogás a prosztatarák ellen Heves megyében is	https://rakgyogyitas.hu/osszefogas-a-prosztatarak-ellen-heves-megyeben-is/	2019.11.04	15	189	1265	ctrl	True
rgy060	Hasnyálmirigyrák, nagy fájdalom, fájdalomcsillapítás	https://rakgyogyitas.hu/kerdes/hasnyalmirigyrak-nagy-fajdalom-fajdalomcsillapitas/	2016.01.14	69	461	3421	ctrl	True
rgy061	A Hármashatár-hegyre kirándul a Gyógyulj Velünk Egyesület csapata	https://rakgyogyitas.hu/a-harmashatar-hegyre-kirandul-a-gyogyulj-velunk-egyesulet-csapata/	2023.01.05	10	116	754	ctrl	True
rgy062	Magyar társelnöke lett a nőgyógyászati daganatok európai közösségének	https://rakgyogyitas.hu/magyar-tarselnoke-lett-a-nogyogyaszati-daganatok-europai-kozossegenek/	2019.11.19	21	599	4051	ctrl	True
rgy063	Magas dózisú C-vitamin alkalmazása előnyös lehet az emlődaganatos betegek számára?	https://rakgyogyitas.hu/magas-dozisu-c-vitamin-alkalmazasa-elonyos-lehet-az-emlodaganatos-betegek-szamara/	2019.02.04	19	402	2874	ctrl	True
rgy064	A rák mint módosult tudatállapot	https://rakgyogyitas.hu/a-rak-mint-modosult-tudatallapot/	2017.09.22	121	2243	13471	ctrl	True
rgy065	Milyen tünetei és szövődményei lehetnek a vastagbélrák májáttéteinek?	https://rakgyogyitas.hu/milyen-tunetei-es-szovodmenyei-lehetnek-a-vastagbelrak-majatteteinek/	2016.09.24	17	427	2689	ctrl	True
rgy066	A Magyar Rákellenes Liga januári programjai	https://rakgyogyitas.hu/a-magyar-rakellenes-liga-januari-programjai/	2018.01.05	99	687	4151	ctrl	True
rgy067	Rádiófelvételre, betegjogi előadásra és közgyűlésre invitál a Gyógyulj Velünk Egyesület	https://rakgyogyitas.hu/radiofelvetelre-betegjogi-eloadasra-es-kozgyulesre-invital-a-gyogyulj-velunk-egyesulet/	2022.10.17	18	195	1311	ctrl	True
rgy068	Betegoktatási menetrend az Országos Onkológiai Intézetben	https://rakgyogyitas.hu/betegoktatasi-menetrend-az-orszagos-onkologiai-intezetben/	2022.10.30	6	65	441	ctrl	True
rgy069	1 százalék a daganatos betegekért	https://rakgyogyitas.hu/1-szazalek-a-daganatos-betegekert/	2019.04.29	6	61	498	ctrl	True
rgy070	Antioxidánsok segíthetnek legyőzni a vastagbélrákot és a végbélrákot?	https://rakgyogyitas.hu/antioxidansok-segithetnek-legyozni-a-vastagbelrakot-es-a-vegbelrakot/	2016.12.16	9	223	1473	ctrl	True
rgy071	„Lépjünk együtt” – séta és konferencia a mellrák ellen	https://rakgyogyitas.hu/lepjunk-egyutt-seta-es-konferencia-a-mellrak-ellen/	2022.09.14	14	205	1312	ctrl	True
rgy072	Mit taníthatnak a daganatos betegeknek a pszichológiai tréningeken?	https://rakgyogyitas.hu/mit-tanithatnak-a-daganatos-betegeknek-a-pszichologiai-treningeken/	2018.01.02	16	345	2379	ctrl	True
rgy073	Koronavírus: lehetséges vakcinatípusok	https://rakgyogyitas.hu/koronavirus-lehetseges-vakcinatipusok/	2020.12.19	16	330	2075	ctrl	True
rgy074	Prosztatarák: a statisztikák hatalma	https://rakgyogyitas.hu/prosztatarak-a-statisztikak-hatalma/	2020.10.06	50	1304	7928	ctrl	True
rgy075	Hídi séta a mellrákos betegekért Gyulán	https://rakgyogyitas.hu/hidi-seta-a-mellrakos-betegekert-gyulan/	2017.09.23	7	98	686	ctrl	True
rgy076	Mellrák: fegyelmezett lépésekkel a gyógyulás felé	https://rakgyogyitas.hu/mellrak-fegyelmezett-lepesekkel-a-gyogyulas-fele/	2022.12.19	87	1580	9287	ctrl	True
rgy077	Zarándokút: fizikailag és lelkileg is fel kell épülni a rákból	https://rakgyogyitas.hu/zarandokut-fizikailag-es-lelkileg-is-fel-kell-epulni-a-rakbol/	2021.01.02	55	1017	6222	ctrl	True
rgy078	Hogyan dolgozható fel lelkileg a testképnek az emlőrák, illetve a daganatellenes beavatkozások miatti megváltozása?	https://rakgyogyitas.hu/hogyan-dolgozhato-fel-lelkileg-a-testkepnek-az-emlorak-illetve-a-daganatellenes-beavatkozasok-miatti-megvaltozasa/	2019.02.04	19	467	3108	ctrl	True
rgy079	Hatvanhat fős csapat kirándult Isaszegre	https://rakgyogyitas.hu/hatvanhat-fos-csapat-kirandult-isaszegre/	2022.03.22	4	55	376	ctrl	True
rgy080	Miért nem műtenek a vastagbélrák többszörös áttéte esetén, hogy csökkentsék a tumoros gócok számát?	https://rakgyogyitas.hu/miert-nem-mutenek-a-vastagbelrak-tobbszoros-attete-eseten-hogy-csokkentsek-a-tumoros-gocok-szamat/	2016.09.24	15	412	2632	ctrl	True
rgy081	Mikor és miért lehet indokolt emlőműtét előtti (neoadjuváns) onkológiai kezelés?	https://rakgyogyitas.hu/mikor-es-miert-lehet-indokolt-emlomutet-elotti-neoadjuvans-onkologiai-kezeles/	2019.02.04	14	377	2498	ctrl	True
rgy082	Melyek a leggyakoribb mellékhatásai az emlőrák ellen alkalmazott hormonkezeléseknek?	https://rakgyogyitas.hu/melyek-a-leggyakoribb-mellekhatasai-az-emlorak-ellen-alkalmazott-hormonkezeleseknek/	2019.02.04	20	400	2704	ctrl	True
rgy083	Emlőrák: könyvbemutató, szakorvosok, gyógytornász is várja a nőket	https://rakgyogyitas.hu/emlorak-konyvbemutato-szakorvosok-gyogytornasz-varja-a-noket/	2019.09.16	27	363	2588	ctrl	True
rgy084	Miért, hogyan és mikor határozzák meg az emlődaganat HER2 státuszát?	https://rakgyogyitas.hu/miert-hogyan-es-mikor-hatarozzak-meg-az-emlodaganat-her2-statuszat/	2019.02.04	16	322	2136	ctrl	True
rgy085	Milyen szervezett „egészségfelmérésre” érdemes elmenni daganatos betegként?	https://rakgyogyitas.hu/milyen-szervezett-egeszsegfelmeresre-erdemes-elmenni-daganatos-betegkent/	2016.12.17	11	313	2152	ctrl	True
rgy086	Milyen speciális képalkotó vizsgálatokra lehet szükség emlődaganat kivizsgálása során?	https://rakgyogyitas.hu/milyen-specialis-kepalkoto-vizsgalatokra-lehet-szukseg-emlodaganat-kivizsgalasa-soran/	2019.02.04	31	638	4441	ctrl	True
rgy087	Másodvélemény: dönteni végül mindig a betegnek kell	https://rakgyogyitas.hu/masodvelemeny-az-orvos-javasol-donteni-mindig-a-betegnek-kell/	2017.01.02	76	1853	11988	ctrl	True
rgy088	Hogyan javíthat egy rákbeteg férfi az életkilátásain?	https://rakgyogyitas.hu/hogyan-javithat-egy-rakbeteg-ferfi-az-eletkilatasain/	2019.10.28	21	532	3685	ctrl	True
rgy089	Erősít és életben tart: minden stádiumban előnyös a mozgás	https://rakgyogyitas.hu/erosit-es-eletben-tart-minden-stadiumban-elonyos-a-mozgas/	2017.08.26	59	1235	8039	ctrl	True
rgy090	Alternatív módszerekkel meggyógyítható a vastagbélrák?	https://rakgyogyitas.hu/alternativ-modszerekkel-meggyogyithato-a-vastagbelrak/	2016.09.24	14	378	2751	ctrl	True
rgy091	Székesfehérvárra kirándul a Gyógyulj Velünk Egyesület csapata	https://rakgyogyitas.hu/szekesfehervarra-kirandul-a-gyogyulj-velunk-egyesulet-csapata/	2022.10.06	10	129	912	ctrl	True
rgy092	50 válasz a prosztatarákról: könyvbemutató prosztatanap	https://rakgyogyitas.hu/50-valasz-a-prosztatarakrol-konyvbemutato-prosztatanap/	2019.11.20	26	214	1539	ctrl	True
rgy093	Hogyan működik az MR, mikor indokolt MR vizsgálat emlődaganatos betegeknél?	https://rakgyogyitas.hu/hogyan-mukodik-az-mr-mikor-indokolt-mr-vizsgalat-emlodaganatos-betegeknel/	2019.02.04	20	476	2976	ctrl	True
rgy094	Rákkockázat: sok kockázati tényező elkerülhető (lenne)	https://rakgyogyitas.hu/rakkockazat-sok-kockazati-tenyezo-elkerulheto-lenne/	2023.03.28	14	346	2314	ctrl	True
rgy095	Gyászol a Gyógyulj Velünk Egyesület	https://rakgyogyitas.hu/gyaszol-a-gyogyulj-velunk-egyesulet/	2017.09.18	10	228	1371	ctrl	True
rgy096	Rákbetegen dolgozni? Legalább a munkahelyet ne kelljen félteni…	https://rakgyogyitas.hu/rakbetegen-dolgozni-legalabb-a-munkahelyet-ne-kelljen-felteni/	2023.01.19	11	237	1629	ctrl	True
rgy097	Vastagbélrákom van: meddig fogok élni?	https://rakgyogyitas.hu/vastagbelrakom-van-meddig-fogok-elni/	2016.09.24	15	292	1984	ctrl	True
rgy098	Krónikus gyulladások rákkeltő szerepe	https://rakgyogyitas.hu/kronikus-gyulladasok-rakkelto-szerepe/	2022.04.01	13	312	2153	ctrl	True
rgy099	Milyen életmódváltást követel meg a sztómaviselés?	https://rakgyogyitas.hu/milyen-eletmodvaltast-kovetel-meg-a-sztomaviseles/	2016.12.17	10	246	1528	ctrl	True
rgy100	Sok tényezőn múlik, fájdalmas-e a vastagbéltükrözés	https://rakgyogyitas.hu/sok-tenyezon-mulik-fajdalmas-e-a-vastagbeltukrozes/	2016.07.16	24	643	4251	ctrl	True
tn040	Koronavírus – Íme a pénteki friss adatok, ismét emelkedik a fertőzöttek száma	https://www.tudasfaja.com/koronavirus-ime-a-penteki-friss-adatok-ismet-emelkedik-a-fertozottek-szama/	2021.04.29	60	1105	7903	ctrl	True
tn098	Gyerekek ezt már ne !Pokolian nagy a baj!1 perce bejelentette Dr Rusvai Miklós virológus az ÉV EGYIK LEGROSSZABB HÍRÉT! Ez bizony Téged is érint! >>	https://www.minden-egyben.com/hirek/gyerekek-ezt-mar-ne-pokolian-nagy-a-baj	2021.05.14	44	821	5154	fn	True
tn115	A SEMMELWEIS EGYETEM FELMÉRÉSE BIZONYÍTOTTA: SPORTTAL MEGŐRIZHETŐ A LELKI EGÉSZSÉG	https://semmelweis.hu/hirek/2021/08/16/a-semmelweis-egyetem-felmerese-bizonyitotta-sporttal-megorizheto-a-lelki-egeszseg/	2021.08.16	24	791	5096	ctrl	True
tn116	Emberkísérlet és társai, avagy mint mond a virológus	https://weborvos.hu/lapszemle/emberkiserlet-es-tarsai-avagy-mint-mond-a-virologus-269518	2021.09.17	43	904	5659	ctrl	True
tn117	Ismeretlen eredetű COVID-tesztekre figyelmeztetnek	https://weborvos.hu/gyogyszerpiac/ismeretlen-eredetu-covid-tesztekre-figyelmeztetnek-269587	2021.09.21	17	487	3421	ctrl	True
tn118	Krónikus sebek ellátását segítő mesterséges intelligencia készült	http://medicalonline.hu/gyogyitas/cikk/kronikus_sebek_ellatasat_segito_mesterseges_intelligencia_keszult	2021.09.21	12	340	2392	ctrl	True
tn119	Magyar fejlesztésű új hatóanyagot tesztelnek a koronavírus ellen	https://www.pharmindex-online.hu/koronavirus/hirek-cikkek/magyar-fejlesztesu-uj-hatoanyagot-tesztelnek-a-koronavirus-ellen	2021.09.16	40	976	7023	ctrl	True
tn122	Komoly bajba kerülhetnek a sovány idősebbek a koronavírus miatt	https://hvg.hu/tudomany/20210927_idos_korban_kockazat_covid_fertozes_eseten_az_alultaplaltsag	2021.09.27	21	309	2028	ctrl	True
tn125	Már csecsemőket is érintheti a fogszuvasodás	https://weborvos.hu/egeszsegmagazin/mar-csecsemoket-is-erintheti-a-fogszuvasodas-269339	2021.09.07	17	447	2843	ctrl	True
tn126	A vércsoport befolyásolhatja a Covid-19 súlyosságát	https://weborvos.hu/hirek/a-vercsoport-befolyasolhatja-a-covid-19-sulyossagat-260165	2020.06.09	15	372	2386	ctrl	True
tn127	Pikkelysömör vagy bőrrák okozza a pikkelyes foltot?	https://weborvos.hu/egeszsegmagazin/pikkelysomor-vagy-borrak-okozza-a-pikkelyes-foltot-269699	2021.09.28	29	547	3585	ctrl	True
tn129	Vajon a textilből készült maszkok is elég hatékonyak?	https://weborvos.hu/lapszemle/vajon-a-textilbol-keszult-maszkok-is-eleg-hatekonyak-269396	2021.09.10	15	364	2288	ctrl	True
tn145	Kötelező lesz-e az egészségügyieknek a harmadik oltás?	http://medicalonline.hu/eu_gazdasag/cikk/kotelezo_lesz_e_az_egeszsegugyieknek_a_harmadik_oltas	2021.10.06	14	378	2231	ctrl	True
tn146	Miért a bölcsességfog a szájüreg legproblémásabb foga?	http://medicalonline.hu/gyogyitas/cikk/miert_a_bolcsessegfog_a_szajureg_legproblemasabb_foga	2021.05.25	19	495	3227	ctrl	True
tn147	A kutyák segíthetnek az emberi demencia kutatásában	http://medicalonline.hu/tudomany/cikk/a_kutyak_segithetnek_az_emberi_demencia_kutatasaban	2021.08.27	17	428	2877	ctrl	True
tn148	A magzat immunrendszerének fejlődését befolyásolja az anya vírussal való fertőzöttsége	http://medicalonline.hu/tudomany/cikk/a_magzat_immunrendszerenek_fejlodeset_befolyasolja_az_anya_virussal_valo_fertozottsege	2021.10.08	13	292	1890	ctrl	True
tn149	Rövid életű a megfertőződéssel szerzett erős immunitás	https://www.pharmindex-online.hu/koronavirus/hirek-cikkek/rovid-eletu-a-megfertozodessel-szerzett-eros-immunitas	2021.10.06	18	434	2946	ctrl	True
tn150	Mit tesz a tüdővel a koronavírus?	https://www.pharmindex-online.hu/tudogyogyaszat/hirek-cikkek/mi-tesz-a-tudovel-koronavirus	2021.03.16	26	567	3670	ctrl	True
tn151	Az Oxford/AstraZeneca-oltás fejlesztői szerint idővel a náthavírushoz hasonlóvá szelídül az új típusú koronavírus	https://www.pharmindex-online.hu/infektologia/hirek-cikkek/az-oxfordastrazeneca-oltas-fejlesztoi-szerint-idovel-a-nathavirushoz-hasonlova-szelidul-az-uj-tipusu-koronavirus	2021.09.23	11	379	2614	ctrl	True
tn152	Ezek az állapotok fokozzák a petevezeték elzáródás esélyét	https://weborvos.hu/egeszsegmagazin/ezek-az-allapotok-fokozzak-a-petevezetek-elzarodas-eselyet-269910	2021.10.09	21	358	2196	ctrl	True
tn153	Nyakfájás? Az alvópozíció és az orvosi segítség is fontos	https://weborvos.hu/egeszsegmagazin/nyakfajas-az-alvopozicio-es-az-orvosi-segitseg-is-fontos-269806	2021.10.04	41	779	4890	ctrl	True
tn154	Az orrfolyás hét gyakori oka a gyerekeknél	https://weborvos.hu/egeszsegmagazin/az-orrfolyas-het-gyakori-oka-a-gyerekeknel-269883	2021.10.08	33	522	3283	ctrl	True
tn155	Két év múlva lényegesebben szelídebb lesz a koronavírus	http://medicalonline.hu/eu_gazdasag/cikk/ket_ev_mulva_lenyegesebben_szelidebb_lesz_a_koronavirus	2021.10.13	10	284	1739	ctrl	True
tn156	Ukrajnában egyre több gyermek szorul kórházi ellátásra	https://medicalonline.hu/kitekinto/cikk/ukrajnaban_egyre_tobb_gyermek_szorul_korhazi_ellatasra	2021.10.15	67	1412	9167	ctrl	True
tn157	A főváros kezdeményezi a kormánynál a maszkviselés szigorítását	http://medicalonline.hu/eu_gazdasag/cikk/a_fovaros_kezdemenyezi_a_kormanynal_a_maszkviseles_szigoritasat	2021.10.15	11	365	2457	ctrl	True
tn158	A széles körű maszkviselés másokat is maszkviselésre ösztönöz	http://medicalonline.hu/tudomany/cikk/a_szeles_koru_maszkviseles_masokat_is_maszkviselesre_osztonoz	2021.10.13	12	336	2175	ctrl	True
tn159	Otthon is kezelhetővé válik a bazalióma?	https://medicalonline.hu/gyogyitas/cikk/otthon_is_kezelhetove_valik_a_bazalioma		10	191	1331	ctrl	True
tn160	Idegkutatók elkészítették az agysejtek első atlaszát	http://medicalonline.hu/tudomany/cikk/idegkutatok_elkeszitettek_az_agysejtek_elso_atlaszat	2021.10.12	7	192	1184	ctrl	True
tn161	Nem csak a szem betegsége okozhat látásvesztést	http://medicalonline.hu/gyogyitas/cikk/nemcsak_a_szem_betegsege_okozhat_latasvesztest	2021.10.14	28	759	5113	ctrl	True
tn162	Étvágycsökkentő gyógyszer segíthet az elhízás legyőzésében	http://medicalonline.hu/tudomany/cikk/etvagycsokkento_gyogyszer_segithet_az_elhizas_legyozeseben	2021.02.12	13	274	1812	ctrl	True
tn163	Koronavírus - Elkezdődött az 5-11 éves korcsoportnak fejlesztett Pfizer/BioNTech-vakcina EU-s engedélyeztetése	https://www.pharmindex-online.hu/koronavirus/hirek-cikkek/koronavirus---elkezdodott-az-5-11-eves-korcsoportnak-fejlesztett-pfizerbiontech-vakcina-eu-s-engedelyeztetese	2021.10.15	11	237	1608	ctrl	True
tn164	Magas a védőoltás elutasítottsága Romániában	https://www.pharmindex-online.hu/koronavirus/hirek-cikkek/magas-a-vedooltas-elutasitottsaga-romaniaban	2021.10.14	12	388	2569	ctrl	True
tn165	Már várólista van a magánegészségügyben is	https://www.pharmindex-online.hu/nem-besorolt/hirek-cikkek/mar-varolista-van-a-maganegeszsegugyben-is	2021.10.07	10	273	1816	ctrl	True
tn176	Ginkgó, az “agy jótevője”	https://pirulakalauz.hu/2021/10/13/ginkgo-az-agy-jotevoje/	2021.10.13	42	895	6172	ctrl	True
tn177	Világnap: kézmosással hatékonyabban kerülthetők el a fertőzések	https://weborvos.hu/hirek/vilagnap-kezmosassal-hatekonyabban-kerulthetok-el-a-fertozesek-270026	2021.10.15	9	200	1277	ctrl	True
tn178	Négy lépést tenne a MOK a járvány megfékezéséért	https://www.pharmindex-online.hu/koronavirus/hirek-cikkek/negy-lepest-tenne-a-mok-a-jarvany-megfekezeseert	2021.10.14	22	303	1982	ctrl	True
tn179	A negyedik hullám már nem ijeszti meg a lakosságot	https://weborvos.hu/hirek/a-negyedik-hullam-mar-nem-ijeszti-meg-a-lakossagot-270069	2021.10.18	13	347	2304	ctrl	False
tn2544	Több antibiotikum fogyhat a tridémia miatt	http://pharmaonline.hu/aktualis/cikk/tobb_antibiotikum_fogyhat_a_tridemia_miatt	2023.03.03	14	352	2278	ctrl	False
tn2545	Asztmásként kétszeres esélyünk van a reflux kialakulására	http://pharmaonline.hu/gyogyszereszi_gondozas/cikk/asztmaskent_ketszeres_eselyunk_van_a_reflux_kialakulasara	2023.03.06	27	462	2890	ctrl	False
tn2546	Allergia is állhat a visszatérő betegségek hátterében	http://pharmaonline.hu/gyogyszereszi_gondozas/cikk/allergia_is_allhat_a_visszatero_betegsegek_hattereben	2023.03.02	22	363	2336	ctrl	False
tn2547	Ingyenes mobil applikáció segít, hogy mivel teszteljünk a tridémia alatt	http://pharmaonline.hu/gyogyszereszi_gondozas/cikk/ingyenes_mobil_applikacio_segit__hogy_mivel_teszteljunk_a_tridemia_alatt	2023.02.28	22	509	3255	ctrl	False
tn2548	Kinek segít a hisztamin diéta?	http://pharmaonline.hu/gyogyszereszi_gondozas/cikk/kinek_segit_a_hisztamin_dieta	2023.02.27	22	428	2809	ctrl	False
tn2549	Egészségtudatosabbak az átlagnál a pénztártagok	http://pharmaonline.hu/patika_management/cikk/egeszsegtudatosabbak_az_atlagnal_a_penztartagok	2023.02.24	24	480	3194	ctrl	False
tn2550	Influenza: 54 ezren fordultak orvoshoz a múlt héten	http://pharmaonline.hu/aktualis/cikk/influenza__54_ezren_fordultak_orvoshoz_a_mult_heten	2023.02.23	16	342	2201	ctrl	False
tn2551	Szigorodott az egyedi méltányosság elbírálási rendszere	http://pharmaonline.hu/aktualis/cikk/szigorodott_az_egyedi_meltanyossag_elbiralasi_rendszere	2023.02.23	21	531	3617	ctrl	False
tn2552	Szorongás, pánik és a szem betegségei	http://pharmaonline.hu/gyogyszereszi_gondozas/cikk/szorongas__panik_es_a_szem_betegsegei	2023.02.22	63	1306	8448	ctrl	False
tn2553	Ingyenes, online tanácsadással segítik a terhességi cukorbetegséggel érintett kismamákat	http://pharmaonline.hu/gyogyszereszi_gondozas/cikk/ingyenes__online_tanacsadassal_segitik_a_terhessegi_cukorbetegseggel_erintett_kismamakat	2023.02.21	22	455	3372	ctrl	False
tn373	Mesterséges intelligenciával az amiloidok nyomában	http://pharmaonline.hu/kutatas/cikk/mesterseges_intelligenciaval_az_amiloidok_nyomaban	2022.10.07	20	460	3176	ctrl	False
tn374	Elbutulás elleni gyógyszer fordíthatja saját maga ellen a koronavírust	http://pharmaonline.hu/gyogyszerek/cikk/elbutulas_elleni_gyogyszer_fordithatja_sajat_maga_ellen_a_koronavirust	2022.10.05	16	397	2631	ctrl	False
tn375	Szemészeti problémákat is okozhat az alvászavar	http://pharmaonline.hu/gyogyszereszi_gondozas/cikk/szemeszeti_problemakat_is_okozhat_az_alvaszavar	2022.10.03	24	540	3607	ctrl	False
tn376	Nem érdemes túlzásba vinni a multivitaminok szedését	http://pharmaonline.hu/gyogyszereszi_gondozas/cikk/nem_erdemes_tulzasba_vinni_a_multivitaminok_szedeset	2022.09.30	20	369	2467	ctrl	False
tn377	Ilyen tünetekkel jár a csecsemőkori akne, koszmó, milia és ekcéma	http://pharmaonline.hu/gyogyszereszi_gondozas/cikk/ilyen_tunetekkel_jar_a_csecsemokori_akne__koszmo__milia_es_ekcema	2022.09.28	36	593	3534	ctrl	False
tn378	Szükséges-e véralvadásgátlás visszértágulatok esetén?	http://pharmaonline.hu/gyogyszereszi_gondozas/cikk/szukseges_e_veralvadasgatlas_visszertagulatok_eseten	2022.09.27	30	626	3918	ctrl	False
tn379	Tippek az immunrendszer védelmében	http://pharmaonline.hu/gyogyszereszi_gondozas/cikk/tippek_az_immunrendszer_vedelmeben	2022.09.26	31	527	3579	ctrl	False
tn380	Allergia is okozhat fülpattogást	http://pharmaonline.hu/gyogyszereszi_gondozas/cikk/allergia_is_okozhat_fulpattogast	2022.09.19	17	336	2161	ctrl	False
tn381	Multivitaminok napi szedésével javítható lehet az idősek agyműködése	http://pharmaonline.hu/kutatas/cikk/multivitaminok_napi_szedesevel_javithato_lehet_az_idosek_agymukodese	2022.09.15	16	392	2753	ctrl	False
tn382	Pollenallergia – gyakorlati tanácsok a tünetek csökkentésére	http://pharmaonline.hu/gyogyszereszi_gondozas/cikk/pollenallergia__gyakorlati_tanacsok_a_tunetek_csokkentesere	2022.09.15	27	709	4735	ctrl	False
tn383	CBD-olaj: ártalmatlan vagy kockázatos?	http://pharmaonline.hu/gyogyszerek/cikk/cbd_olaj__hatekony_vagy_kockazatos	2022.10.21	35	920	6211	ctrl	False
tn384	Ártatlan és kezelendő okok a puffadás mögött	http://pharmaonline.hu/gyogyszereszi_gondozas/cikk/artatlan_es_kezelendo_okok_a_puffadas_mogott	2022.10.19	45	743	4546	ctrl	False
tn385	A mellékpajzsmirigy betegségei nem mellékesek!	http://pharmaonline.hu/gyogyszereszi_gondozas/cikk/a_mellekpajzsmirigy_betegsegei_nem_mellekesek	2022.10.18	26	537	3662	ctrl	False
tn386	Uniós vakcinabeszerzés, sms-ek, vizsgálat	http://pharmaonline.hu/aktualis/cikk/unios_vakcinabeszerzes__sms_ek__vizsgalat	2022.10.15	13	349	2363	ctrl	False
tn387	Homályos látás: betegség vagy szemüveg?	http://pharmaonline.hu/gyogyszereszi_gondozas/cikk/homalyos_latas__betegseg_vagy_szemuveg	2022.10.17	42	952	6296	ctrl	False
tn388	Az EMA 6 hónapos kortól ajánlja a BioNTech/Pfizer és a Moderna vakcináit	http://pharmaonline.hu/gyogyszerek/cikk/az_ema_6_honapos_kortol_ajanlja_a_biontech_pfizer_es_a_moderna_vakcinait	2022.10.20	18	477	3154	ctrl	False
tn390	A szervezet gyulladásos betegségeihez tartozó szemészeti betegségek	http://pharmaonline.hu/gyogyszereszi_gondozas/cikk/a_szervezet_gyulladasos_betegsegeihez_tartozo_szemeszeti_betegsegek	2022.11.08	47	982	6891	ctrl	False
tn391	Csaknem kétszáz áldozata van a szennyezett szirupos gyógyszernek	http://pharmaonline.hu/aktualis/cikk/csaknem_ketszazra_emelkedett_a_szennyezett_szirupos_gyogyszer_aldozatainak_szama	2022.11.08	16	272	2088	ctrl	False
tn392	A hajhullás okai és kezelési lehetőségei	http://pharmaonline.hu/gyogyszereszi_gondozas/cikk/a_hajhullas_okai_es_kezelesi_lehetosegei	2022.11.07	34	614	4026	ctrl	False
tn393	Közel ötmilliárd forintos kutatás-fejlesztési projektet zárt le a Richter	http://pharmaonline.hu/gyogyszeripar/cikk/kozel_otmilliard_forintos_kutatas_fejlesztesi_projektet_zart_le_a_richter	2022.11.03	12	356	2603	ctrl	False
tn394	Meggykutatás az egészségesebb életért	http://pharmaonline.hu/kutatas/cikk/meggykutatas_az_egeszsegesebb_eletert	2022.11.02	18	440	3329	ctrl	False
tn395	Az antimikrobiális rezisztencia egyre nagyobb fenyegetést jelent	http://pharmaonline.hu/gyogyszerek/cikk/az_antimikrobialis_rezisztencia_egyre_nagyobb_fenyegetest_jelent	2022.11.21	37	1002	7181	ctrl	False
tn396	NNK: az antibiotikumok megfontolt alkalmazása mindannyiunk felelőssége	http://pharmaonline.hu/aktualis/cikk/nnk__az_antibiotikumok_megfontolt_alkalmazasa_mindannyiunk_felelossege	2022.11.18	10	257	1982	ctrl	False
tn397	D-vitamin: nem gyógyít, de hiánya megbetegít	http://pharmaonline.hu/gyogyszereszi_gondozas/cikk/d_vitamin__nem_gyogyit__de_hianya_megbetegit	2022.11.17	25	720	4984	ctrl	False
tn399	Kombinált influenza-Covid-19-RSV gyorstesztet regisztrált az OGYÉI	http://pharmaonline.hu/aktualis/cikk/kombinalt_influenza_covid_19_rsv_gyorstesztet_regisztralt_az_ogyei	2022.11.10	19	591	3920	ctrl	False
tn400	Mi okozhatja a kiújuló hangszálgyulladást?	http://pharmaonline.hu/gyogyszereszi_gondozas/cikk/mi_okozhatja_a_kiujulo_hangszalgyulladast	2022.11.10	17	351	2334	ctrl	False
tn401	November a férfi egészség hónapja – Milyen szűrésekre járjanak a férfiak?	http://pharmaonline.hu/gyogyszereszi_gondozas/cikk/november_a_ferfi_egeszseg_honapja___milyen_szuresekre_jarjanak_a_ferfiak	2022.11.16	35	863	5687	ctrl	False
tn404	Súlyos COVID-ban “stand by” állapotba tér át a betegek agya	http://medicalonline.hu/tudomany/cikk/sulyos_covid_ban_stand_by_allapotba_ter_at_a_betegek_agya	2022.12.19	6	169	1107	ctrl	False
tn405	Kockázatos vérhigítót adni a koronavírusos betegnek	http://medicalonline.hu/gyogyitas/cikk/kockazatos_verhigitot_adni_a_koronavirusos_betegnek	2022.12.19	8	223	1501	ctrl	False
tn406	Poszt-Covid-betegek rehabilitációs lehetőségei: újabb hospitalizáció nélküli program	http://medicalonline.hu/gyogyitas/cikk/poszt_covid_betegek_rehabilitacios_lehetosegei__ujabb_hospitalizacio_nelkuli_program	2022.12.09	146	2349	15977	ctrl	False
tn407	A bezártság felgyorsította a tinédzserek agyának öregedését	http://medicalonline.hu/tudomany/cikk/a_bezartsag_felgyorsitotta_a_tinedzserek_agyanak_oregedeset	2022.12.08	7	183	1132	ctrl	False
tn408	A járvány időszakában csapták be a fogyasztókat a tüdővitamin forgalmazói	http://medicalonline.hu/eu_gazdasag/cikk/a_koronavirus_jarvany_idoszakaban_csaptak_be_a_fogyasztokat_a_tudovitamin_forgalmazoi	2022.12.02	29	774	5343	ctrl	False
tn409	A megfelelő hidratálás csökkentheti a szívelégtelenség kockázatát	http://medicalonline.hu/gyogyitas/cikk/a_megfelelo_hidratalas_csokkentheti_a_szivelegtelenseg_kockazatat	2021.08.25	14	324	2271	ctrl	False
tn410	A nátrium-bevitel korlátozásáról	http://medicalonline.hu/tudomany/cikk/a_natrium_bevitel_korlatozasa_szivelegtelensegben	2020.08.26	16	320	2229	ctrl	False
tn411	Kiválthatja a szívátültetést egy új kezelés	http://medicalonline.hu/tudomany/cikk/kivalthatja_a_szivatultetest_egy_uj_kezeles	2020.01.28	6	177	1214	ctrl	False
tn412	A szívizomelégtelenség megértését szolgálják	http://medicalonline.hu/gyogyitas/cikk/a_szivizomelegtelenseg_megerteset_szolgaljak	2020.01.08	18	529	3971	ctrl	False
tn413	Rákkereső peptid a húgyhólyagdaganatok kezelésében	http://medicalonline.hu/tudomany/cikk/rakkereso_peptid_a_hugyholyagdaganatok_kezeleseben	2022.09.26	7	163	1079	ctrl	False
tn414	Új megközelítés a vesekarcinóma terápiájában	http://medicalonline.hu/gyogyitas/cikk/uj_megkozelites_a_vesekarcinoma_terapiajaban	2022.07.07	7	136	965	ctrl	False
tn415	Jobb, ha robot asszisztál az orvos mellett?	http://medicalonline.hu/gyogyitas/cikk/jobb__ha_robot_asszisztal_az_orvos_mellett	2022.05.18	11	223	1362	ctrl	False
tn416	Hogyan javítható a PSA-szűrés rákpredikciós értéke?	http://medicalonline.hu/gyogyitas/cikk/hogyan_javithato_a_psa_szures_rakpredikcios_erteke	2022.05.05	9	278	1823	ctrl	False
tn417	Elárulják, hogyan élhetnek tovább a prosztatarákos férfiak	http://medicalonline.hu/gyogyitas/cikk/elaruljak__hogyan_elhetnek_tovabb_a_prosztatarakos_ferfiak	2022.04.25	16	446	3025	ctrl	False
tn418	A prosztatarákhoz köthető baktériumokat azonosítottak	http://medicalonline.hu/gyogyitas/cikk/a_prosztatarakhoz_kotheto_bakteriumokat_azonositottak	2022.04.21	12	347	2357	ctrl	False
tn419	Ezért nem alakul ki tüdőrák sok erős dohányosnál	http://medicalonline.hu/tudomany/cikk/ezert_nem_alakul_ki_tudorak_sok_eros_dohanyosnal	2022.04.13	12	238	1487	ctrl	False
tn420	Gyógyszerkombinációval csökkenthető az asztmás rohamok gyakorisága	http://medicalonline.hu/gyogyitas/cikk/gyogyszerkombinacioval_csokkentheto_az_asztmas_rohamok_gyakorisaga	2022.05.31	5	147	1062	ctrl	False
tn421	Új minimálisan invazív biomarkerek nem-kissejtes tüdőrákban	http://medicalonline.hu/tudomany/cikk/uj_minimalisan_invaziv_biomarkerek_nem_kissejtes_tudorakban	2022.06.06	6	135	989	ctrl	False
tn422	Adhéziót erősítő monoklonális antitest az áttétek megakadályozására	http://medicalonline.hu/tudomany/cikk/adheziot_erosito_monoklonalis_antitest_az_attetek_megakadalyozasara	2022.08.10	7	172	1193	ctrl	False
tn423	Egyre inkább számolni kell a porral behurcolt kórokozókkal	http://medicalonline.hu/gyogyitas/cikk/egyre_inkabb_szamolni_kell_a_porral_behurcolt_korokozokkal	2022.08.24	27	537	3670	ctrl	False
tn424	A kissejtes tüdőrák egy agresszív altípusáért felelős gént találtak	http://medicalonline.hu/tudomany/cikk/a_kissejtes_tudorak_egy_agressziv_altipusaert_felelos_gent_azonositottak	2022.10.10	9	193	1202	ctrl	False
tn425	Forradalmian új onkológiai tesztet vezet be a Neumann Labs	http://medicalonline.hu/gyogyitas/cikk/forradalmian_uj_onkologiai_tesztet_vezet_be_a_neumann_labs	2022.09.21	20	478	3150	ctrl	False
tn426	Jelentősen növeli a tüdőrák kockázatát a finom szálló por	http://medicalonline.hu/tudomany/cikk/jelentosen_noveli_a_tudorak_kockazatat_a_finom_szallo_por	2022.09.14	9	235	1638	ctrl	False
tn427	Hallókészülékek segíthetnek elkerülni az időskori elbutulást?	http://medicalonline.hu/tudomany/cikk/hallokeszulekek_segithetnek_elkerulni_az_idoskori_elbutulast	2022.12.15	11	219	1375	ctrl	False
tn428	A sclerosis multiplex diagnózisának új keretrendszere	http://medicalonline.hu/gyogyitas/cikk/a_sclerosis_multiplex_diagnozisanak_uj_keretrendszere	2022.12.13	9	276	1892	ctrl	False
tn429	Új potenciális biomarker Parkinson-kór korai diagnosztizálására	http://medicalonline.hu/tudomany/cikk/uj_potencialis_biomarker_parkinson_kor_korai_diagnosztizalasara	2022.12.06	5	136	924	ctrl	False
tn430	Az Alzheimer-kór kezelésének új korszakát jelenthetik egy klinikai teszt friss eredményei	http://medicalonline.hu/tudomany/cikk/az_alzheimer_kor_kezelesenek_uj_korszakat_jelenthetik_egy_klinikai_teszt_friss_eredmenyei	2022.12.01	13	350	2294	ctrl	False
tn431	A parietalis agykéreg tevékenysége lehet az autizmus új diagnosztikai markere	http://medicalonline.hu/tudomany/cikk/a_falcsonti_agykereg_tevekenysege_lehet_az_autizmus_uj_diagnosztikai_markere	2022.12.01	6	145	1026	ctrl	False
tn432	Intimitás stroke után?	http://medicalonline.hu/gyogyitas/cikk/intimitas_stroke_utan	2022.11.30	53	956	6034	ctrl	False
tn433	Az idegsejtek plaszticitásának új aspektusát tárták fel magyar kutatók	http://medicalonline.hu/tudomany/cikk/az_idegsejtek_plaszticitasanak_uj_aspektusat_tartak_fel_magyar_kutatok	2022.11.30	10	269	1874	ctrl	False
tn434	Sclerosis multiplex: milyen kilátásai vannak a betegeknek?	http://medicalonline.hu/gyogyitas/cikk/sclerosis_multiplex__milyen_kilatasai_vannak_a_betegeknek	2022.11.29	16	440	3043	ctrl	False
tn435	Új lehetőségeket nyithat az agydaganatok kezelésében	http://medicalonline.hu/tudomany/cikk/uj_lehetosegeket_nyithat_az_agydaganatok_kezeleseben_a_beultetheto_gyogyszeradagolo_implantatum	2022.11.19	10	212	1394	ctrl	False
tn436	Elektromágneses stimuláció Alzheimer-kórban	http://medicalonline.hu/tudomany/cikk/elektromagneses_stimulacio_alzheimer_korban	2022.11.18	9	313	2196	ctrl	False
tn437	Oxitocin az Alzheimer-kór kezelésében	http://medicalonline.hu/tudomany/cikk/oxitocin_az_alzheimer_kor_kezeleseben	2022.11.14	11	331	2353	ctrl	False
tn438	Elkészült az eddigi legrészletesebb térkép a hippokampuszról	http://medicalonline.hu/tudomany/cikk/elkeszult_az_eddigi_legreszletesebb_terkep_a_hippokampuszrol	2022.11.14	9	167	1143	ctrl	False
tn439	Vércukorszint mérése izzadságból	http://medicalonline.hu/tudomany/cikk/a_vercukorszint_felmerese_izzadsagbol	2021.10.19	12	256	1698	ctrl	False
tn440	Egy újonnan felfedezett hormonkomplex, a fabkin áll a cukorbetegség hátterében	http://medicalonline.hu/tudomany/cikk/egy_ujonnan_felfedezett_hormonkomplex__a_fabkin_all_a_cukorbetegseg_hattereben	2021.12.17	7	173	1159	ctrl	False
tn441	Dapagliflozin cukorbetegség megelőzésre?	http://medicalonline.hu/gyogyitas/cikk/dapagliflozin_cukorbetegseg_megelozesre	2022.01.11	8	238	1697	ctrl	False
tn442	Inzulintól független új vércukorszint-csökkentő útvonalat fedeztek fel	http://medicalonline.hu/tudomany/cikk/inzulintol_fuggetlen_uj_vercukorszint_csokkento_utvonalat_fedeztek_fel	2022.01.13	6	167	1159	ctrl	False
tn443	Új gyógyszercsoport a cukorbetegség és a metabolikus szindróma kezelésére	http://medicalonline.hu/tudomany/cikk/uj_gyogyszercsoport_a_cukorbetegseg_es_a_metabolikus_szindroma_kezelesere	2022.02.24	6	168	1246	ctrl	False
tn444	Tucatnyi egyéb betegség kockázata nő meg a 2-es típusú diabétesz miatt	http://medicalonline.hu/tudomany/cikk/tucatnyi_egyeb_betegseg_kockazata_no_meg_a_2_es_tipusu_diabetesz_miatt	2022.05.29	20	428	2971	ctrl	False
tn445	GlucoCheck: nem invazív vércukormérés fényelnyeléses módszerrel	http://medicalonline.hu/tudomany/cikk/glucocheck__nem_invaziv_vercukormeres_fenyelnyeleses_modszerrel	2022.10.20	6	138	928	ctrl	False
tn446	A psoriasin áll a cukorbetegek gyakoribb húgyúti fertőzései hátterében	http://medicalonline.hu/gyogyitas/cikk/a_psoriasin_all_a_cukorbetegek_gyakoribb_hugyuti_fertozesei_hattereben	2022.09.28	7	152	1139	ctrl	False
tn447	Varjúhájgyökér-kivonat 2-es típusú cukorbetegség kiegészítő kezelésében	http://medicalonline.hu/diabetesz/cikk/varjuhajgyoker_kivonat_2_es_tipusu_cukorbetegseg_kiegeszito_kezeleseben	2022.08.24	6	150	1081	ctrl	False
tn448	Őssejt-transzplantáció 1-es típusú diabetesben	http://medicalonline.hu/gyogyitas/cikk/ossejt_transzplantacio_1_es_tipusu_diabetesben	2022.07.14	10	257	1876	ctrl	False
tn449	3. típusú cukorbetegség?	http://medicalonline.hu/gyogyitas/cikk/3__tipusu_cukorbetegseg	2022.12.14	52	1008	6480	ctrl	False
tn450	Új diabétesz-gyógyszert engedélyeztek az USA-ban	http://medicalonline.hu/gyogyitas/cikk/merfoldkonek_szamito_diabetesz_gyogyszert_engedelyeztek_az_egyesult_allamokban	2022.11.18	9	263	1825	ctrl	False
tn451	A testmozgás időpontja és a vércukorszabályozás	http://medicalonline.hu/gyogyitas/cikk/a_testmozgas_idopontja_es_a_vercukorszabalyozas	2022.11.15	11	312	2182	ctrl	False
tn452	A szív- és érrendszeri szövődmények miatt hal meg a legtöbb cukorbeteg	http://medicalonline.hu/gyogyitas/cikk/a_sziv__es_errendszeri_szovodmenyek_miatt_hal_meg_a_legtobb_cukorbeteg	2022.11.11	41	1074	7575	ctrl	False
tn453	Szénhidrátanyagcsere-monitorozás hagyományos és modern módszerekkel	http://medicalonline.hu/gyogyitas/cikk/szenhidratanyagcsere_monitorozas_hagyomanyos_es_modern_modszerekkel	2022.06.17	70	1446	9669	ctrl	False
tn454	A stresszes életmód, a rendszertelen táplálkozás hatása az emésztésre	http://pharmaonline.hu/gyogyszereszi_gondozas/cikk/a_stresszes_eletmod__a_rendszertelen_taplalkozas_hatasa_az_emesztesre	2023.01.06	52	1083	7020	ctrl	False
tn455	Fogyókúrázók vásárolják fel a diabéteszgyógyszert	http://pharmaonline.hu/gyogyszerek/cikk/fogyokurazok_vasaroljak_fel_a_diabeteszgyogyszert	2023.01.05	18	409	2774	ctrl	False
tn456	A cannabis alapú terápiás készítmények magyarországi úttörője	http://pharmaonline.hu/kutatas/cikk/a_cannabis_alapu_terapias_keszitmenyek_magyarorszagi_uttoroje	2023.01.04	23	628	4171	ctrl	False
tn457	A kórokozó, ami ma minden 5. embert érint Közép-Európában	http://pharmaonline.hu/gyogyszereszi_gondozas/cikk/a_korokozo__ami_ma_minden_5__embert_erint_kozep_europaban	2023.01.02	19	364	2378	ctrl	False
tn458	Négy injekciós terápia, ami segíthet a porckopásnál	http://pharmaonline.hu/gyogyszereszi_gondozas/cikk/negy_injekcios_terapia__ami_segithet_a_porckopasnal	2023.01.05	23	452	3067	ctrl	False
tn459	Krónikus hörgőgyulladást is jelezhet az elhúzódó köhögés	http://pharmaonline.hu/gyogyszereszi_gondozas/cikk/kronikus_horgogyulladast_is_jelezhet_az_elhuzodo_kohoges	2023.01.04	19	322	2138	ctrl	False
tn460	Lesz-e elég szakember a gyógyszertárakban?	http://pharmaonline.hu/patika_management/cikk/lesz_e_eleg_szakember_a_gyogyszertarakban	2023.01.03	42	917	6753	ctrl	False
tn461	Az árrésrendelet megváltoztatását szorgalmazzák a gyógyszer-nagykereskedők	http://pharmaonline.hu/gyogyszeripar/cikk/az_arresrendelet_megvaltoztatasat_szorgalmazzak_a_gyogyszer_nagykereskedok	2022.12.27	17	516	3647	ctrl	False
tn462	Influenza: kettőzött sebességgel terjed az idei járvány	http://pharmaonline.hu/gyogyszereszi_gondozas/cikk/influenza__kettozott_sebesseggel_terjed_az_idei_jarvany	2022.12.22	24	698	4767	ctrl	False
tn463	A hidegtől vagy az új ételektől rosszabbodik az ekcéma?	http://pharmaonline.hu/gyogyszereszi_gondozas/cikk/a_hidegtol_vagy_az_uj_etelektol_rosszabbodik_az_ekcema	2022.12.21	28	515	3218	ctrl	False
tn464	Az antibiotikum-kutatás új vizsgálati módszerét dolgozták ki szegedi kutatók	http://pharmaonline.hu/kutatas/cikk/az_antibiotikum_kutatas_uj_vizsgalati_modszeret_dolgoztak_ki_szegedi_kutatok	2023.02.16	21	557	4271	ctrl	False
tn465	Mikor elég és mikor nem a lactobacillus kúra?	http://pharmaonline.hu/gyogyszereszi_gondozas/cikk/mikor_eleg_es_mikor_nem_a_lactobacillus_kura	2023.02.14	19	499	3034	ctrl	False
tn466	Új immunkémiai technológiát dolgoztak ki	http://pharmaonline.hu/kutatas/cikk/uj_immunkemiai_technologiat_dolgoztak_ki	2023.02.13	12	329	2402	ctrl	False
tn467	Egyszerre nő a három vezető vírustól fertőzöttek száma	http://pharmaonline.hu/gyogyszereszi_gondozas/cikk/egyszerre_no_a_harom_vezeto_virustol_fertozottek_szama	2023.02.13	18	452	2775	ctrl	False
tn468	Mikor forduljunk szempanaszokkal allergológushoz?	http://pharmaonline.hu/gyogyszereszi_gondozas/cikk/mikor_forduljunk_szempanaszokkal_allergologushoz	2023.02.15	27	449	2982	ctrl	False
tn469	Influenza: 38 ezren fordultak orvoshoz tünetekkel a múlt héten	http://pharmaonline.hu/aktualis/cikk/influenza__38_ezren_fordultak_orvoshoz_tunetekkel_a_mult_heten	2023.02.09	14	305	1949	ctrl	False
tn470	Termékenységi történelem: már a középkorban is sejtették a tápanyagpótlás jelentőségét	http://pharmaonline.hu/gyogyszereszi_gondozas/cikk/termekenysegi_tortenelem__mar_a_kozepkorban_is_sejtettek_a_tapanyagpotlas_jelentoseget	2023.02.09	38	872	5370	ctrl	False
tn471	Köhögés és nehézlégzés: ezért nem szabad halogatni a kivizsgálást	http://pharmaonline.hu/gyogyszereszi_gondozas/cikk/kohoges_es_nehezlegzes__ezert_nem_szabad_halogatni_a_kivizsgalast	2023.02.08	22	393	2599	ctrl	False
tn472	Tanácsok aranyérbetegeknek	http://pharmaonline.hu/cikk/tanacsok_aranyerbetegeknek	2023.02.07	74	1188	7530	ctrl	False
tn473	Nem csak a fűtött szoba, betegség miatt is kipirosodhat az arc	http://pharmaonline.hu/gyogyszereszi_gondozas/cikk/nem_csak_a_futott_szoba__betegseg_miatt_is_kipirosodhat_az_arc	2023.02.07	47	756	4730	ctrl	False
